media,score,suggested_sort,author_flair_css_class,permalink,archived,selftext,url,subreddit,contest_mode,subreddit_id,post_hint,media_embed,brand_safe,over_18,gilded,hide_score,preview,edited,author_flair_text,is_self,link_flair_text,thumbnail,created_utc,locked,spoiler,distinguished,link_flair_css_class,secure_media,domain,secure_media_embed,title,author,id,num_comments,hidden,stickied,quarantine,retrieved_on,created_dt
,5,,,/r/aiArt/comments/5w6n27/three_men/,False,,http://s3.amazonaws.com/digitaltrends-uploads-prod/2016/05/DeepDream.jpg,aiArt,False,t5_3j874,image,{},False,False,0,False,"{'images': [{'id': 'jJlGAApcPPs_2pxErlgYxr3jby-TRs_0P1rsTtNNsSg', 'source': {'width': 1200, 'url': 'https://i.redditmedia.com/m5W9UEbSdAmnxk3MG24IPdccWmEYY3tuyUYlSiuF66E.jpg?s=120384c83e3ee3996e5407548acd4e23', 'height': 800}, 'variants': {}, 'resolutions': [{'width': 108, 'url': 'https://i.redditmedia.com/m5W9UEbSdAmnxk3MG24IPdccWmEYY3tuyUYlSiuF66E.jpg?fit=crop&amp;crop=faces%2Centropy&amp;arh=2&amp;w=108&amp;s=c59a67c163be2621ea87e5e04288b9d0', 'height': 72}, {'height': 144, 'width': 216, 'url': 'https://i.redditmedia.com/m5W9UEbSdAmnxk3MG24IPdccWmEYY3tuyUYlSiuF66E.jpg?fit=crop&amp;crop=faces%2Centropy&amp;arh=2&amp;w=216&amp;s=f2ec56a9b62b201bf6af275a18b53db6'}, {'width': 320, 'url': 'https://i.redditmedia.com/m5W9UEbSdAmnxk3MG24IPdccWmEYY3tuyUYlSiuF66E.jpg?fit=crop&amp;crop=faces%2Centropy&amp;arh=2&amp;w=320&amp;s=843b9751ac0046a34b472c29ed0a3a27', 'height': 213}, {'width': 640, 'url': 'https://i.redditmedia.com/m5W9UEbSdAmnxk3MG24IPdccWmEYY3tuyUYlSiuF66E.jpg?fit=crop&amp;crop=faces%2Centropy&amp;arh=2&amp;w=640&amp;s=f4c1a90ec2df8a30643c8928f54ea4d9', 'height': 426}, {'url': 'https://i.redditmedia.com/m5W9UEbSdAmnxk3MG24IPdccWmEYY3tuyUYlSiuF66E.jpg?fit=crop&amp;crop=faces%2Centropy&amp;arh=2&amp;w=960&amp;s=7113c2a7eb98c8c95ce3628877249dfa', 'width': 960, 'height': 640}, {'height': 720, 'width': 1080, 'url': 'https://i.redditmedia.com/m5W9UEbSdAmnxk3MG24IPdccWmEYY3tuyUYlSiuF66E.jpg?fit=crop&amp;crop=faces%2Centropy&amp;arh=2&amp;w=1080&amp;s=91e8d580b58bd2743cc67e04d0d072ca'}]}], 'enabled': True}",False,,False,,https://b.thumbs.redditmedia.com/rqxaQMUBqw-wSREXR0Hg06gKBb1KfdYf8hq9d8Qk-aw.jpg,1488060243,False,False,,,,s3.amazonaws.com,{},Three Men,tvks,5w6n27,0,False,False,False,1489588207,2017-02-25 22:04:03
,6,,,/r/aiArt/comments/5w6nbi/psychedelic_dogs/,False,,https://62e528761d0685343e1c-f3d1b99a743ffa4142d9d7f1978d9686.ssl.cf2.rackcdn.com/files/104209/area14mp/image-20151203-6775-12cy1rf.jpg,aiArt,False,t5_3j874,image,{},False,False,0,False,"{'images': [{'source': {'url': 'https://i.redditmedia.com/bqIpaB44WTr16Znf1kTx9q8zMd4_1TQlLhngZLkqatQ.jpg?s=0e7bc37d6a1fe9b5e941e2573bb00fe5', 'width': 1449, 'height': 966}, 'id': 'TnvG7LUAfPzCOHc3Qi2rPZY9sf6_-ItqurRFRU1356k', 'variants': {}, 'resolutions': [{'width': 108, 'url': 'https://i.redditmedia.com/bqIpaB44WTr16Znf1kTx9q8zMd4_1TQlLhngZLkqatQ.jpg?fit=crop&amp;crop=faces%2Centropy&amp;arh=2&amp;w=108&amp;s=68b585a956e0dcedd3ef77c902c5e481', 'height': 72}, {'height': 144, 'url': 'https://i.redditmedia.com/bqIpaB44WTr16Znf1kTx9q8zMd4_1TQlLhngZLkqatQ.jpg?fit=crop&amp;crop=faces%2Centropy&amp;arh=2&amp;w=216&amp;s=cf4f4e32e7d7bdc64b7a30466246e0f4', 'width': 216}, {'height': 213, 'width': 320, 'url': 'https://i.redditmedia.com/bqIpaB44WTr16Znf1kTx9q8zMd4_1TQlLhngZLkqatQ.jpg?fit=crop&amp;crop=faces%2Centropy&amp;arh=2&amp;w=320&amp;s=893bf31149e8c16bcab70cc15debe972'}, {'width': 640, 'url': 'https://i.redditmedia.com/bqIpaB44WTr16Znf1kTx9q8zMd4_1TQlLhngZLkqatQ.jpg?fit=crop&amp;crop=faces%2Centropy&amp;arh=2&amp;w=640&amp;s=803ab1f72d4542c337ae3b9972e82543', 'height': 426}, {'url': 'https://i.redditmedia.com/bqIpaB44WTr16Znf1kTx9q8zMd4_1TQlLhngZLkqatQ.jpg?fit=crop&amp;crop=faces%2Centropy&amp;arh=2&amp;w=960&amp;s=159cae1d982970f79dde703aa51ab3a6', 'width': 960, 'height': 640}, {'url': 'https://i.redditmedia.com/bqIpaB44WTr16Znf1kTx9q8zMd4_1TQlLhngZLkqatQ.jpg?fit=crop&amp;crop=faces%2Centropy&amp;arh=2&amp;w=1080&amp;s=ac8d65c86de627d1d0752690ee488d6e', 'width': 1080, 'height': 720}]}], 'enabled': True}",False,,False,,https://b.thumbs.redditmedia.com/uUnhfMu9xtLECzl3y_BSlRJ6zI8kjD7mU8zepBNXnJA.jpg,1488060311,False,False,,,,62e528761d0685343e1c-f3d1b99a743ffa4142d9d7f1978d9686.ssl.cf2.rackcdn.com,{},Psychedelic Dogs,tvks,5w6nbi,0,False,False,False,1489588210,2017-02-25 22:05:11
,11,,,/r/aiArt/comments/5w6nn8/doggo/,False,,https://artoferickuns.files.wordpress.com/2015/07/dbb70e92b3b9dd88e1a8afd2c4d0c068.jpg,aiArt,False,t5_3j874,image,{},False,False,0,False,"{'enabled': True, 'images': [{'resolutions': [{'width': 108, 'url': 'https://i.redditmedia.com/DSGdOiEYq0Kf_ZzJMLOXxpafZU9gp9mBnEUKJk3YSnw.jpg?fit=crop&amp;crop=faces%2Centropy&amp;arh=2&amp;w=108&amp;s=5299559e58d8455583b5f74d0b56628c', 'height': 67}, {'height': 135, 'width': 216, 'url': 'https://i.redditmedia.com/DSGdOiEYq0Kf_ZzJMLOXxpafZU9gp9mBnEUKJk3YSnw.jpg?fit=crop&amp;crop=faces%2Centropy&amp;arh=2&amp;w=216&amp;s=bf1a4f6f73264a6f75949bf8d2cbfca6'}, {'height': 200, 'width': 320, 'url': 'https://i.redditmedia.com/DSGdOiEYq0Kf_ZzJMLOXxpafZU9gp9mBnEUKJk3YSnw.jpg?fit=crop&amp;crop=faces%2Centropy&amp;arh=2&amp;w=320&amp;s=639475c513764f82f2c062e2cd779ab6'}, {'height': 400, 'url': 'https://i.redditmedia.com/DSGdOiEYq0Kf_ZzJMLOXxpafZU9gp9mBnEUKJk3YSnw.jpg?fit=crop&amp;crop=faces%2Centropy&amp;arh=2&amp;w=640&amp;s=ccc73b8a3cc9c2b2b18f5261cfe0eb7c', 'width': 640}, {'url': 'https://i.redditmedia.com/DSGdOiEYq0Kf_ZzJMLOXxpafZU9gp9mBnEUKJk3YSnw.jpg?fit=crop&amp;crop=faces%2Centropy&amp;arh=2&amp;w=960&amp;s=961ec0587a317cb44f54044c4d66edbb', 'width': 960, 'height': 600}, {'height': 675, 'width': 1080, 'url': 'https://i.redditmedia.com/DSGdOiEYq0Kf_ZzJMLOXxpafZU9gp9mBnEUKJk3YSnw.jpg?fit=crop&amp;crop=faces%2Centropy&amp;arh=2&amp;w=1080&amp;s=1b6ef392a9771163c73693695f8eb187'}], 'variants': {}, 'source': {'width': 1131, 'url': 'https://i.redditmedia.com/DSGdOiEYq0Kf_ZzJMLOXxpafZU9gp9mBnEUKJk3YSnw.jpg?s=4be85fe99e8e8d445c10b08b9902665d', 'height': 707}, 'id': 'ZvbE03fpA75rb1J8GYCGujBZd9cASa8sPXMDfdU8u_w'}]}",False,,False,,https://b.thumbs.redditmedia.com/5uiosk4Ued9Lea12Rva1UvWnjiBUgxvR7zII94m9G5M.jpg,1488060413,False,False,,,,artoferickuns.files.wordpress.com,{},Doggo,tvks,5w6nn8,0,False,False,False,1489588215,2017-02-25 22:06:53
,14,,,/r/aiArt/comments/5w6nxd/collection_of_google_mit_art/,False,,https://imgur.com/gallery/kMU68,aiArt,False,t5_3j874,link,{},False,False,0,False,"{'images': [{'resolutions': [{'url': 'https://i.redditmedia.com/w2YFqEhZzQ3um_5iOuzjTw8frJtas9r-cbwbJ1ZJUfU.jpg?fit=crop&amp;crop=faces%2Centropy&amp;arh=2&amp;w=108&amp;s=de7c1f6af4f8bdf9d38c7dad3d37f225', 'width': 108, 'height': 72}, {'height': 144, 'url': 'https://i.redditmedia.com/w2YFqEhZzQ3um_5iOuzjTw8frJtas9r-cbwbJ1ZJUfU.jpg?fit=crop&amp;crop=faces%2Centropy&amp;arh=2&amp;w=216&amp;s=083bed9317a9409b5ac02683add85c3d', 'width': 216}, {'url': 'https://i.redditmedia.com/w2YFqEhZzQ3um_5iOuzjTw8frJtas9r-cbwbJ1ZJUfU.jpg?fit=crop&amp;crop=faces%2Centropy&amp;arh=2&amp;w=320&amp;s=5b3c7a08ccf18f7e6b7801b32b549ca9', 'width': 320, 'height': 213}, {'url': 'https://i.redditmedia.com/w2YFqEhZzQ3um_5iOuzjTw8frJtas9r-cbwbJ1ZJUfU.jpg?fit=crop&amp;crop=faces%2Centropy&amp;arh=2&amp;w=640&amp;s=39bbd9713a71d32a2fbb24a48e667b5c', 'width': 640, 'height': 426}, {'height': 640, 'url': 'https://i.redditmedia.com/w2YFqEhZzQ3um_5iOuzjTw8frJtas9r-cbwbJ1ZJUfU.jpg?fit=crop&amp;crop=faces%2Centropy&amp;arh=2&amp;w=960&amp;s=8b62d353230d81f1665b94473289e6fd', 'width': 960}, {'width': 1080, 'url': 'https://i.redditmedia.com/w2YFqEhZzQ3um_5iOuzjTw8frJtas9r-cbwbJ1ZJUfU.jpg?fit=crop&amp;crop=faces%2Centropy&amp;arh=2&amp;w=1080&amp;s=48597379d1d450d48dc4251ec343b73c', 'height': 720}], 'source': {'width': 1200, 'url': 'https://i.redditmedia.com/w2YFqEhZzQ3um_5iOuzjTw8frJtas9r-cbwbJ1ZJUfU.jpg?s=c952556fd67eb0780b878c98269e2d3e', 'height': 800}, 'id': '4gls4ccocnduVg4X9002Wk6AYmgoisZWxV0wzFk62nE', 'variants': {}}], 'enabled': False}",False,,False,,https://b.thumbs.redditmedia.com/xYvg2Om68NhCIbmA3Iv0BWdFc9NGgvIf6ZNvWTseDuU.jpg,1488060499,False,False,,,,imgur.com,{},Collection of Google &amp; MIT art,KitKatIceCream,5w6nxd,0,False,False,False,1489588219,2017-02-25 22:08:19
,2,,,/r/aiArt/comments/5w6o19/google_deepdream/,False,[deleted],https://s-media-cache-ak0.pinimg.com/originals/29/55/7c/29557c442aa057a35485e04ccda32f80.jpg,aiArt,False,t5_3j874,,{},False,False,0,False,,False,,False,,default,1488060529,False,False,,,,s-media-cache-ak0.pinimg.com,{},Google DeepDream,[deleted],5w6o19,0,False,False,False,1489588220,2017-02-25 22:08:49
,18,,,/r/aiArt/comments/5w6oh5/yo_i_heard_you_like_ai/,False,,https://pjreddie.com/media/image/yo_jnet-conv_11_000003.png,aiArt,False,t5_3j874,image,{},False,False,0,False,"{'enabled': True, 'images': [{'resolutions': [{'height': 60, 'url': 'https://i.redditmedia.com/vzt4yrC2c1IUHpoUQNlXVyQZt9ZDGfVhHmu60_T8lfU.png?fit=crop&amp;crop=faces%2Centropy&amp;arh=2&amp;w=108&amp;s=7f5e5ec0829129b19fb109136733ba46', 'width': 108}, {'height': 121, 'url': 'https://i.redditmedia.com/vzt4yrC2c1IUHpoUQNlXVyQZt9ZDGfVhHmu60_T8lfU.png?fit=crop&amp;crop=faces%2Centropy&amp;arh=2&amp;w=216&amp;s=de5ef0afa4381291f65deefeb2a563e7', 'width': 216}, {'url': 'https://i.redditmedia.com/vzt4yrC2c1IUHpoUQNlXVyQZt9ZDGfVhHmu60_T8lfU.png?fit=crop&amp;crop=faces%2Centropy&amp;arh=2&amp;w=320&amp;s=3137acc1c31075de7b86de3949ffe67e', 'width': 320, 'height': 180}, {'width': 640, 'url': 'https://i.redditmedia.com/vzt4yrC2c1IUHpoUQNlXVyQZt9ZDGfVhHmu60_T8lfU.png?fit=crop&amp;crop=faces%2Centropy&amp;arh=2&amp;w=640&amp;s=bdafa940d737bb56d2a37cba00c3aedd', 'height': 360}, {'height': 540, 'width': 960, 'url': 'https://i.redditmedia.com/vzt4yrC2c1IUHpoUQNlXVyQZt9ZDGfVhHmu60_T8lfU.png?fit=crop&amp;crop=faces%2Centropy&amp;arh=2&amp;w=960&amp;s=6c1f6adcde7cff487c14a19f930064d3'}], 'id': '2onHY-298x9NUO-gKNZbwOHNJ-0fR54JMI8d9YQgge0', 'source': {'height': 576, 'width': 1024, 'url': 'https://i.redditmedia.com/vzt4yrC2c1IUHpoUQNlXVyQZt9ZDGfVhHmu60_T8lfU.png?s=b36374df2311a99c10365748cb109c3e'}, 'variants': {}}]}",False,,False,,https://b.thumbs.redditmedia.com/oXRXCAva8vPfNBGdetq0cZdJV5giFvv9J5Q_tKI2KBs.jpg,1488060659,False,False,,,,pjreddie.com,{},"Yo, I heard you like AI",tvks,5w6oh5,0,False,False,False,1489588226,2017-02-25 22:10:59
,25,,,/r/aiArt/comments/5w6one/arizona_sweettea/,False,,http://i.imgur.com/D3kzQn8.jpg,aiArt,False,t5_3j874,image,{},False,False,0,False,"{'enabled': True, 'images': [{'variants': {}, 'source': {'width': 1920, 'url': 'https://i.redditmedia.com/81oS9i9GN_ZBoXCPjC-7VvR2pTENADOBIGGr_c8iUNM.jpg?s=a353c15f0f0bd0d1035cdaa2616fff6f', 'height': 1080}, 'id': 'dJbZ5HkAvhD1VF1bUMNH9a-FxhyEY6OGtDbapjBmuyw', 'resolutions': [{'url': 'https://i.redditmedia.com/81oS9i9GN_ZBoXCPjC-7VvR2pTENADOBIGGr_c8iUNM.jpg?fit=crop&amp;crop=faces%2Centropy&amp;arh=2&amp;w=108&amp;s=181d60d09b9d6518caa69fef647b6dd0', 'width': 108, 'height': 60}, {'height': 121, 'url': 'https://i.redditmedia.com/81oS9i9GN_ZBoXCPjC-7VvR2pTENADOBIGGr_c8iUNM.jpg?fit=crop&amp;crop=faces%2Centropy&amp;arh=2&amp;w=216&amp;s=46628cdc39fabff72c177240ba18833c', 'width': 216}, {'height': 180, 'width': 320, 'url': 'https://i.redditmedia.com/81oS9i9GN_ZBoXCPjC-7VvR2pTENADOBIGGr_c8iUNM.jpg?fit=crop&amp;crop=faces%2Centropy&amp;arh=2&amp;w=320&amp;s=114d825bdd9efa7d32450d5426ab0f16'}, {'height': 360, 'url': 'https://i.redditmedia.com/81oS9i9GN_ZBoXCPjC-7VvR2pTENADOBIGGr_c8iUNM.jpg?fit=crop&amp;crop=faces%2Centropy&amp;arh=2&amp;w=640&amp;s=f5b118d285cdf6e1c9b6483d20427498', 'width': 640}, {'height': 540, 'width': 960, 'url': 'https://i.redditmedia.com/81oS9i9GN_ZBoXCPjC-7VvR2pTENADOBIGGr_c8iUNM.jpg?fit=crop&amp;crop=faces%2Centropy&amp;arh=2&amp;w=960&amp;s=b23ea0ea1c64c3199b2593a396d30952'}, {'width': 1080, 'url': 'https://i.redditmedia.com/81oS9i9GN_ZBoXCPjC-7VvR2pTENADOBIGGr_c8iUNM.jpg?fit=crop&amp;crop=faces%2Centropy&amp;arh=2&amp;w=1080&amp;s=e3b4ba7ce5399b1a16c9861180d3d6e0', 'height': 607}]}]}",False,,False,,https://a.thumbs.redditmedia.com/626dLmoyoe6ritQQm1n-nP4a5RIEg1AhzLWfE75g6K0.jpg,1488060710,False,False,,,,i.imgur.com,{},Arizona SweetTea,tvks,5w6one,0,False,False,False,1489588228,2017-02-25 22:11:50
,25,,,/r/aiArt/comments/5w6ovl/sulphur/,False,,https://i.imgur.com/mau2v5Q.jpg,aiArt,False,t5_3j874,image,{},False,False,0,False,"{'enabled': True, 'images': [{'resolutions': [{'height': 60, 'url': 'https://i.redditmedia.com/DrdZkP_5-ziRt9K2GGTe2Ao3lpnnPbdyl3WIs3XJjgY.jpg?fit=crop&amp;crop=faces%2Centropy&amp;arh=2&amp;w=108&amp;s=7b98fec9d7ef6c6d58255fa4a0faa6df', 'width': 108}, {'height': 121, 'url': 'https://i.redditmedia.com/DrdZkP_5-ziRt9K2GGTe2Ao3lpnnPbdyl3WIs3XJjgY.jpg?fit=crop&amp;crop=faces%2Centropy&amp;arh=2&amp;w=216&amp;s=4c2673727e54eba2cc18648a3eba268d', 'width': 216}, {'url': 'https://i.redditmedia.com/DrdZkP_5-ziRt9K2GGTe2Ao3lpnnPbdyl3WIs3XJjgY.jpg?fit=crop&amp;crop=faces%2Centropy&amp;arh=2&amp;w=320&amp;s=18697bf8726b6c13569ffe75c44153d2', 'width': 320, 'height': 180}, {'width': 640, 'url': 'https://i.redditmedia.com/DrdZkP_5-ziRt9K2GGTe2Ao3lpnnPbdyl3WIs3XJjgY.jpg?fit=crop&amp;crop=faces%2Centropy&amp;arh=2&amp;w=640&amp;s=ede1e99577783e2c5a0d4a8c719f734a', 'height': 360}, {'width': 960, 'url': 'https://i.redditmedia.com/DrdZkP_5-ziRt9K2GGTe2Ao3lpnnPbdyl3WIs3XJjgY.jpg?fit=crop&amp;crop=faces%2Centropy&amp;arh=2&amp;w=960&amp;s=e1ebd36682967f7840d9b965a2bd2abb', 'height': 540}, {'url': 'https://i.redditmedia.com/DrdZkP_5-ziRt9K2GGTe2Ao3lpnnPbdyl3WIs3XJjgY.jpg?fit=crop&amp;crop=faces%2Centropy&amp;arh=2&amp;w=1080&amp;s=4f0115fc18fc6faa65480d268673cfd8', 'width': 1080, 'height': 607}], 'variants': {}, 'id': 'v3VlEe4_hV17WkZqR4xWKmEXix0nTbW1e0xgq1jTipI', 'source': {'height': 1440, 'width': 2560, 'url': 'https://i.redditmedia.com/DrdZkP_5-ziRt9K2GGTe2Ao3lpnnPbdyl3WIs3XJjgY.jpg?s=1361839ca01d297f788175565bb650a2'}}]}",False,,False,,https://b.thumbs.redditmedia.com/8nvOT_sRGsbo6Npy4RZbFsKf6tUrESvjpsir7OeDMgE.jpg,1488060781,False,False,,,,i.imgur.com,{},Sulphur,tvks,5w6ovl,1,False,False,False,1489588231,2017-02-25 22:13:01
,2,,,/r/aiArt/comments/5w6p7z/psychedelic_valley/,False,[deleted],http://img09.deviantart.net/0c55/i/2016/011/6/c/ddi_017__deep_dream_investigations_series__by_james119-d9nkjq7.jpg,aiArt,False,t5_3j874,,{},False,False,0,False,,False,,False,,default,1488060885,False,False,,,,img09.deviantart.net,{},Psychedelic Valley,[deleted],5w6p7z,0,False,False,False,1489588237,2017-02-25 22:14:45
,2,,,/r/aiArt/comments/5w6q72/mandelbox/,False,[deleted],http://i.imgur.com/2iShJOk.jpg,aiArt,False,t5_3j874,,{},False,False,0,False,,False,,False,,default,1488061175,False,False,,,,i.imgur.com,{},MandelBox,[deleted],5w6q72,0,False,False,False,1489588249,2017-02-25 22:19:35
