all_awardings,allow_live_comments,archived,author,author_created_utc,author_flair_background_color,author_flair_css_class,author_flair_richtext,author_flair_template_id,author_flair_text,author_flair_text_color,author_flair_type,author_fullname,author_patreon_flair,author_premium,awarders,banned_by,can_gild,can_mod_post,category,content_categories,contest_mode,created_utc,discussion_type,distinguished,domain,edited,gilded,gildings,hidden,hide_score,id,is_created_from_ads_ui,is_crosspostable,is_meta,is_original_content,is_reddit_media_domain,is_robot_indexable,is_self,is_video,link_flair_background_color,link_flair_css_class,link_flair_richtext,link_flair_text,link_flair_text_color,link_flair_type,locked,media,media_embed,media_only,name,no_follow,num_comments,num_crossposts,over_18,parent_whitelist_status,permalink,pinned,pwls,quarantine,removed_by,removed_by_category,retrieved_on,score,secure_media,secure_media_embed,selftext,send_replies,spoiler,stickied,subreddit,subreddit_id,subreddit_name_prefixed,subreddit_subscribers,subreddit_type,suggested_sort,thumbnail,thumbnail_height,thumbnail_width,title,top_awarded_type,total_awards_received,treatment_tags,upvote_ratio,url,view_count,whitelist_status,wls,url_overridden_by_dest,post_hint,preview,crosspost_parent,crosspost_parent_list,created_dt
[],True,False,dreternal,1511622742.0,,,[],,,,text,t2_m382hjy,False,False,[],,True,False,,,False,1671396503,CHAT,,self.aiwars,False,0,{},False,False,zp7znh,False,False,False,False,False,False,True,False,,,[],,dark,text,False,,{},False,t3_zp7znh,True,0,0,False,,/r/aiwars/comments/zp7znh/raiwars_lounge/,False,,False,,author,1673180461,1,,{},[removed],True,False,False,aiwars,t5_7lv9o6,r/aiwars,342,public,new,default,,,r/aiwars Lounge,,0,[],1.0,https://www.reddit.com/r/aiwars/comments/zp7znh/raiwars_lounge/,,,,,,,,,2022-12-18 20:48:23
[],False,False,dreternal,1511622742.0,,,[],,,,text,t2_m382hjy,False,False,[],,True,False,,,False,1671396699,,,help.artstation.com,False,0,{},False,False,zp82cp,False,False,False,False,False,False,False,False,,,[],,dark,text,False,,{},False,t3_zp82cp,True,0,0,False,,/r/aiwars/comments/zp82cp/artstation_responding_to_the_threat_of_ai_in/,False,,False,,author,1673180458,1,,{},,True,False,False,aiwars,t5_7lv9o6,r/aiwars,342,public,,default,,,"ArtStation responding to the ""threat"" of AI in their TOS",,0,[],1.0,https://help.artstation.com/hc/en-us/articles/11451085663501-Use-of-AI-Software-on-ArtStation,,,,https://help.artstation.com/hc/en-us/articles/11451085663501-Use-of-AI-Software-on-ArtStation,,,,,2022-12-18 20:51:39
[],False,False,dreternal,1511622742.0,,,[],,,,text,t2_m382hjy,False,False,[],,True,False,,,False,1671396846,,,help.artstation.com,False,0,{},False,False,zp849t,False,True,False,False,False,True,False,False,,,[],,dark,text,False,,{},False,t3_zp849t,True,0,0,False,,/r/aiwars/comments/zp849t/artstation_responding_to_ai_art_in_their_tos/,False,,False,,,1673180456,1,,{},,True,False,False,aiwars,t5_7lv9o6,r/aiwars,342,public,,default,,,ArtStation responding to AI art in their TOS,,0,[],1.0,https://help.artstation.com/hc/en-us/articles/11451085663501-Use-of-AI-Software-on-ArtStation,,,,https://help.artstation.com/hc/en-us/articles/11451085663501-Use-of-AI-Software-on-ArtStation,,,,,2022-12-18 20:54:06
[],False,False,dreternal,1511622742.0,,,[],,,,text,t2_m382hjy,False,False,[],,True,False,,,False,1671397238,,,nftnow.com,False,0,{},False,False,zp89xu,False,True,False,False,False,True,False,False,,,[],,dark,text,False,,{},False,t3_zp89xu,False,1,0,False,,/r/aiwars/comments/zp89xu/the_aigenerated_art_debate_is_here_and_its_very/,False,,False,,,1673180451,2,,{},,True,False,False,aiwars,t5_7lv9o6,r/aiwars,342,public,,https://b.thumbs.redditmedia.com/ZsnpTCWQFK8ycVCefmIEFro3Mt-UwZAFlK_Eotkmtlg.jpg,78.0,140.0,The AI-Generated Art Debate Is Here. And It's Very Messy.,,0,[],1.0,https://nftnow.com/features/the-ai-generated-art-debate-is-here-and-its-very-messy/,,,,https://nftnow.com/features/the-ai-generated-art-debate-is-here-and-its-very-messy/,link,"{'enabled': False, 'images': [{'id': 'w9MB6522ZOfI60cHFXGu3PqF4XDTeYLeVi6QV7NDLbg', 'resolutions': [{'height': 60, 'url': 'https://external-preview.redd.it/iCL36guBeZP1SfRnZtr1F5h8XDkICCe7sZ53EFv18TQ.jpg?width=108&amp;crop=smart&amp;auto=webp&amp;s=1e3865b1e639a6cd192f465b49c5508103bb4f37', 'width': 108}, {'height': 121, 'url': 'https://external-preview.redd.it/iCL36guBeZP1SfRnZtr1F5h8XDkICCe7sZ53EFv18TQ.jpg?width=216&amp;crop=smart&amp;auto=webp&amp;s=805975b4100bcd9c6854c71bea22469c7c4e0312', 'width': 216}, {'height': 180, 'url': 'https://external-preview.redd.it/iCL36guBeZP1SfRnZtr1F5h8XDkICCe7sZ53EFv18TQ.jpg?width=320&amp;crop=smart&amp;auto=webp&amp;s=c9cac8d315089dbf264cec325a6f6933f26c1603', 'width': 320}, {'height': 360, 'url': 'https://external-preview.redd.it/iCL36guBeZP1SfRnZtr1F5h8XDkICCe7sZ53EFv18TQ.jpg?width=640&amp;crop=smart&amp;auto=webp&amp;s=e31fbc36c18478122a301ebc3b5bb3fb998f6f0d', 'width': 640}, {'height': 540, 'url': 'https://external-preview.redd.it/iCL36guBeZP1SfRnZtr1F5h8XDkICCe7sZ53EFv18TQ.jpg?width=960&amp;crop=smart&amp;auto=webp&amp;s=5d309d458765188894b15ac9de6f6c24304be76c', 'width': 960}, {'height': 607, 'url': 'https://external-preview.redd.it/iCL36guBeZP1SfRnZtr1F5h8XDkICCe7sZ53EFv18TQ.jpg?width=1080&amp;crop=smart&amp;auto=webp&amp;s=33620328bab7725b9db7cb86ed4f49f4b99dc9bd', 'width': 1080}], 'source': {'height': 675, 'url': 'https://external-preview.redd.it/iCL36guBeZP1SfRnZtr1F5h8XDkICCe7sZ53EFv18TQ.jpg?auto=webp&amp;s=767333d4b07d70bfab37a3079a4c852a6058fd23', 'width': 1200}, 'variants': {}}]}",,,2022-12-18 21:00:38
[],False,False,dreternal,1511622742.0,,,[],,,,text,t2_m382hjy,False,False,[],,True,False,,,False,1671397300,,,nytimes.com,False,0,{},False,False,zp8ax0,False,True,False,False,False,True,False,False,,,[],,dark,text,False,,{},False,t3_zp8ax0,True,0,0,False,,/r/aiwars/comments/zp8ax0/an_aigenerated_picture_won_an_art_prize_artists/,False,,False,,,1673180450,1,,{},,True,False,False,aiwars,t5_7lv9o6,r/aiwars,342,public,,https://b.thumbs.redditmedia.com/MvGGTaUh8RLJrjNHQurgkuLYdK10VSPybBLqfD15uuQ.jpg,73.0,140.0,An A.I.-Generated Picture Won an Art Prize. Artists Arenâ€™t Happy.,,0,[],0.67,https://www.nytimes.com/2022/09/02/technology/ai-artificial-intelligence-artists.html,,,,https://www.nytimes.com/2022/09/02/technology/ai-artificial-intelligence-artists.html,link,"{'enabled': False, 'images': [{'id': 'F3t77mE6w2cQCVGE91D2FDBRVh-VRtvExYPQUQYe1l8', 'resolutions': [{'height': 56, 'url': 'https://external-preview.redd.it/ya6bNchiapkeA9ZaG8qR1NY1lqj7WAqN_XcGQ_1k0Ew.jpg?width=108&amp;crop=smart&amp;auto=webp&amp;s=872b08515abf1d2ee2a229d9ce1f27d7759e73ed', 'width': 108}, {'height': 112, 'url': 'https://external-preview.redd.it/ya6bNchiapkeA9ZaG8qR1NY1lqj7WAqN_XcGQ_1k0Ew.jpg?width=216&amp;crop=smart&amp;auto=webp&amp;s=4a6bc42cee95912b4be63549629cd7f812814db0', 'width': 216}, {'height': 167, 'url': 'https://external-preview.redd.it/ya6bNchiapkeA9ZaG8qR1NY1lqj7WAqN_XcGQ_1k0Ew.jpg?width=320&amp;crop=smart&amp;auto=webp&amp;s=3c650cbb2253a830eb0eae4f2e989b41569eb4e8', 'width': 320}, {'height': 334, 'url': 'https://external-preview.redd.it/ya6bNchiapkeA9ZaG8qR1NY1lqj7WAqN_XcGQ_1k0Ew.jpg?width=640&amp;crop=smart&amp;auto=webp&amp;s=a7b8396bd7f20ca196af1eae3cb4f3ad0f0ba634', 'width': 640}, {'height': 501, 'url': 'https://external-preview.redd.it/ya6bNchiapkeA9ZaG8qR1NY1lqj7WAqN_XcGQ_1k0Ew.jpg?width=960&amp;crop=smart&amp;auto=webp&amp;s=536dd0ed67a088fed4b8fc0ae7b00c58fb9e48ba', 'width': 960}], 'source': {'height': 549, 'url': 'https://external-preview.redd.it/ya6bNchiapkeA9ZaG8qR1NY1lqj7WAqN_XcGQ_1k0Ew.jpg?auto=webp&amp;s=843d05b8f516fd0f23373552257331e8a59f418b', 'width': 1050}, 'variants': {}}]}",,,2022-12-18 21:01:40
[],False,False,dreternal,1511622742.0,,,[],,,,text,t2_m382hjy,False,False,[],,True,False,,,False,1671397407,,,youtube.com,False,0,{},False,False,zp8cfk,False,True,False,False,False,True,False,False,,,[],,dark,text,False,"{'oembed': {'author_name': 'CBS News', 'author_url': 'https://www.youtube.com/@CBSNews', 'height': 200, 'html': '&lt;iframe width=""356"" height=""200"" src=""https://www.youtube.com/embed/VZ41KZfePdk?feature=oembed&amp;enablejsapi=1"" frameborder=""0"" allow=""accelerometer; autoplay; clipboard-write; encrypted-media; gyroscope; picture-in-picture"" allowfullscreen title=""AI-created artwork sparks copyright debate""&gt;&lt;/iframe&gt;', 'provider_name': 'YouTube', 'provider_url': 'https://www.youtube.com/', 'thumbnail_height': 360, 'thumbnail_url': 'https://i.ytimg.com/vi/VZ41KZfePdk/hqdefault.jpg', 'thumbnail_width': 480, 'title': 'AI-created artwork sparks copyright debate', 'type': 'video', 'version': '1.0', 'width': 356}, 'type': 'youtube.com'}","{'content': '&lt;iframe width=""356"" height=""200"" src=""https://www.youtube.com/embed/VZ41KZfePdk?feature=oembed&amp;enablejsapi=1"" frameborder=""0"" allow=""accelerometer; autoplay; clipboard-write; encrypted-media; gyroscope; picture-in-picture"" allowfullscreen title=""AI-created artwork sparks copyright debate""&gt;&lt;/iframe&gt;', 'height': 200, 'scrolling': False, 'width': 356}",False,t3_zp8cfk,False,0,0,False,,/r/aiwars/comments/zp8cfk/aicreated_artwork_sparks_copyright_debate/,False,,False,,,1673180449,3,"{'oembed': {'author_name': 'CBS News', 'author_url': 'https://www.youtube.com/@CBSNews', 'height': 200, 'html': '&lt;iframe width=""356"" height=""200"" src=""https://www.youtube.com/embed/VZ41KZfePdk?feature=oembed&amp;enablejsapi=1"" frameborder=""0"" allow=""accelerometer; autoplay; clipboard-write; encrypted-media; gyroscope; picture-in-picture"" allowfullscreen title=""AI-created artwork sparks copyright debate""&gt;&lt;/iframe&gt;', 'provider_name': 'YouTube', 'provider_url': 'https://www.youtube.com/', 'thumbnail_height': 360, 'thumbnail_url': 'https://i.ytimg.com/vi/VZ41KZfePdk/hqdefault.jpg', 'thumbnail_width': 480, 'title': 'AI-created artwork sparks copyright debate', 'type': 'video', 'version': '1.0', 'width': 356}, 'type': 'youtube.com'}","{'content': '&lt;iframe width=""356"" height=""200"" src=""https://www.youtube.com/embed/VZ41KZfePdk?feature=oembed&amp;enablejsapi=1"" frameborder=""0"" allow=""accelerometer; autoplay; clipboard-write; encrypted-media; gyroscope; picture-in-picture"" allowfullscreen title=""AI-created artwork sparks copyright debate""&gt;&lt;/iframe&gt;', 'height': 200, 'media_domain_url': 'https://www.redditmedia.com/mediaembed/zp8cfk', 'scrolling': False, 'width': 356}",,True,False,False,aiwars,t5_7lv9o6,r/aiwars,342,public,,https://b.thumbs.redditmedia.com/xBjhAZcY5ZLyV7OfAr2cdMcUPA3qr1i69LaPzccDKYI.jpg,105.0,140.0,AI-created artwork sparks copyright debate,,0,[],1.0,https://www.youtube.com/watch?v=VZ41KZfePdk,,,,https://www.youtube.com/watch?v=VZ41KZfePdk,rich:video,"{'enabled': False, 'images': [{'id': 'acDtDCk7JxiTynv7l_YlUvdzQQsiYv40UA6nUw3qFDw', 'resolutions': [{'height': 81, 'url': 'https://external-preview.redd.it/6P1Q422XWF6HgpV2aQjQ_LlbnTiq5nIoO2Vugg6G1pY.jpg?width=108&amp;crop=smart&amp;auto=webp&amp;s=23549cb41876025aa0a6bc99364a7fe3b975a88a', 'width': 108}, {'height': 162, 'url': 'https://external-preview.redd.it/6P1Q422XWF6HgpV2aQjQ_LlbnTiq5nIoO2Vugg6G1pY.jpg?width=216&amp;crop=smart&amp;auto=webp&amp;s=2daff52f81b14342f4cc8e20bae814afe38b6d63', 'width': 216}, {'height': 240, 'url': 'https://external-preview.redd.it/6P1Q422XWF6HgpV2aQjQ_LlbnTiq5nIoO2Vugg6G1pY.jpg?width=320&amp;crop=smart&amp;auto=webp&amp;s=d28e4dadfa6d57ee9018ee22b32987773856f510', 'width': 320}], 'source': {'height': 360, 'url': 'https://external-preview.redd.it/6P1Q422XWF6HgpV2aQjQ_LlbnTiq5nIoO2Vugg6G1pY.jpg?auto=webp&amp;s=b45c801af4d56fd24b0aa18a2fbf0d5a28fe3901', 'width': 480}, 'variants': {}}]}",,,2022-12-18 21:03:27
[],False,False,dreternal,1511622742.0,,,[],,,,text,t2_m382hjy,False,False,[],,True,False,,,False,1671397491,,moderator,self.aiwars,False,0,{},False,False,zp8dk3,False,True,False,False,False,True,True,False,,,[],,dark,text,True,,{},False,t3_zp8dk3,False,0,0,False,,/r/aiwars/comments/zp8dk3/welcome_to_ai_wars/,False,,False,,,1673180447,9,,{},"Welcome to the AI Art &amp; Music subreddit! Here, we discuss both the pros and cons of AI generated art and music. Whether you're a fan of the aesthetic or a skeptic of the technology, this is the place for you. We talk about the latest AI-generated art and music pieces, debate the implications of the technology, and share our own experiences with AI art and music. From generative art to neural networks and beyond, this is the place to learn, discuss, and debate. All are welcome!",True,False,False,aiwars,t5_7lv9o6,r/aiwars,342,public,,self,,,Welcome to AI Wars!,,0,[],1.0,https://www.reddit.com/r/aiwars/comments/zp8dk3/welcome_to_ai_wars/,,,,,,,,,2022-12-18 21:04:51
[],False,False,dreternal,1511622742.0,,,[],,,,text,t2_m382hjy,False,False,[],,True,False,,,False,1671403126,,,news.artnet.com,False,0,{},False,False,zpaija,False,True,False,False,False,True,False,False,,,[],,dark,text,False,,{},False,t3_zpaija,False,3,0,False,,/r/aiwars/comments/zpaija/independent_artists_are_fighting_back_against_ai/,False,,False,,,1673180375,6,,{},,False,False,False,aiwars,t5_7lv9o6,r/aiwars,342,public,,https://a.thumbs.redditmedia.com/PDHHpU8SyK1ibOf5prOAYUgKJCCK0zBKZI1DINEfCZ0.jpg,139.0,140.0,Independent Artists Are Fighting Back Against A.I. Image Generators With Innovative Online Protests | Artnet News,,0,[],1.0,https://news.artnet.com/art-world/independent-artists-are-fighting-back-against-a-i-image-generators-with-innovative-online-protests-2231334/amp-page,,,,https://news.artnet.com/art-world/independent-artists-are-fighting-back-against-a-i-image-generators-with-innovative-online-protests-2231334/amp-page,link,"{'enabled': False, 'images': [{'id': 'i0W7IPrEX_ZPzUpehcEgumWP1LlCWWYM_Hq-blLAd_I', 'resolutions': [{'height': 107, 'url': 'https://external-preview.redd.it/0dQx9w6i3_0zYrx70IiunEBXo8dOW8CjKi1t7ifn3tg.jpg?width=108&amp;crop=smart&amp;auto=webp&amp;s=7fb9b886267371ceba995177c90f82ea11b5a14a', 'width': 108}, {'height': 215, 'url': 'https://external-preview.redd.it/0dQx9w6i3_0zYrx70IiunEBXo8dOW8CjKi1t7ifn3tg.jpg?width=216&amp;crop=smart&amp;auto=webp&amp;s=2a561f1b721f17b35895f0d57d5acb70000f1fa5', 'width': 216}, {'height': 318, 'url': 'https://external-preview.redd.it/0dQx9w6i3_0zYrx70IiunEBXo8dOW8CjKi1t7ifn3tg.jpg?width=320&amp;crop=smart&amp;auto=webp&amp;s=44563be90047e4e922d2b66b9adfa3e8b7acb33d', 'width': 320}, {'height': 637, 'url': 'https://external-preview.redd.it/0dQx9w6i3_0zYrx70IiunEBXo8dOW8CjKi1t7ifn3tg.jpg?width=640&amp;crop=smart&amp;auto=webp&amp;s=bd9ba8eb40d444331931f395918cc1fc316aad7c', 'width': 640}, {'height': 956, 'url': 'https://external-preview.redd.it/0dQx9w6i3_0zYrx70IiunEBXo8dOW8CjKi1t7ifn3tg.jpg?width=960&amp;crop=smart&amp;auto=webp&amp;s=61df2068324bccce47283b31ba5f399eecb4cb29', 'width': 960}, {'height': 1076, 'url': 'https://external-preview.redd.it/0dQx9w6i3_0zYrx70IiunEBXo8dOW8CjKi1t7ifn3tg.jpg?width=1080&amp;crop=smart&amp;auto=webp&amp;s=d4a6dcc37d65e164f231b0ad54cc6ba9aaab56e7', 'width': 1080}], 'source': {'height': 1196, 'url': 'https://external-preview.redd.it/0dQx9w6i3_0zYrx70IiunEBXo8dOW8CjKi1t7ifn3tg.jpg?auto=webp&amp;s=5c6eeccea3962665d423ef8ad59769d5b0d10169', 'width': 1200}, 'variants': {}}]}",,,2022-12-18 22:38:46
[],False,False,[deleted],,,,,,,dark,,,,,[],,False,False,,,False,1671403454,,,,False,0,{},False,False,zpamym,False,False,False,False,False,False,False,False,,,[],,dark,text,False,,{},False,t3_zpamym,True,0,0,False,,/r/aiwars/comments/zpamym/ai_is_theft_no_debate_about_it_christian_mack/,False,,False,,deleted,1673180371,1,,{},[removed],False,False,False,aiwars,t5_7lv9o6,r/aiwars,342,public,,default,140.0,140.0,"AI is theft, no debate about it , Christian Mack",,0,[],1.0,,,,,,,,,,2022-12-18 22:44:14
[],False,False,artbycrazyvirgo,1663230382.0,,,[],,,,text,t2_sicg9fmp,False,False,[],,True,False,,,False,1671404237,,,i.redd.it,False,0,{},False,False,zpaxel,False,True,False,False,True,True,False,False,,,[],,dark,text,False,,{},False,t3_zpaxel,False,16,0,False,,/r/aiwars/comments/zpaxel/artist_prompter_this_should_be_the_new_face_of/,False,,False,,,1673180360,7,,{},,False,False,False,aiwars,t5_7lv9o6,r/aiwars,342,public,,https://b.thumbs.redditmedia.com/y6rXmIFskdcqFOka7Br_SiS-D6bM6J3EFrOaCIzbNTs.jpg,140.0,140.0,"Artist != Prompter | This should be the new face of the protest, and here is why:",,0,[],0.82,https://i.redd.it/x0c13qz4ln6a1.png,,,,https://i.redd.it/x0c13qz4ln6a1.png,image,"{'enabled': True, 'images': [{'id': 'P1ngqCaVyAKMkQT9dc8QNuecbix5M7i0_wpWp3yjefE', 'resolutions': [{'height': 108, 'url': 'https://preview.redd.it/x0c13qz4ln6a1.png?width=108&amp;crop=smart&amp;auto=webp&amp;s=db1ca4f686dac36134286ba2e03912a85035d50e', 'width': 108}, {'height': 216, 'url': 'https://preview.redd.it/x0c13qz4ln6a1.png?width=216&amp;crop=smart&amp;auto=webp&amp;s=812c6ef83a6cf8b1e90b317ca3650ac89299be20', 'width': 216}, {'height': 320, 'url': 'https://preview.redd.it/x0c13qz4ln6a1.png?width=320&amp;crop=smart&amp;auto=webp&amp;s=7d7d7fbfc5f6b7645530d52e6ea31fee4fa6fffd', 'width': 320}, {'height': 640, 'url': 'https://preview.redd.it/x0c13qz4ln6a1.png?width=640&amp;crop=smart&amp;auto=webp&amp;s=75ba6a9930b99797d9bd7dd5076cfa0493612a78', 'width': 640}, {'height': 960, 'url': 'https://preview.redd.it/x0c13qz4ln6a1.png?width=960&amp;crop=smart&amp;auto=webp&amp;s=319065eebcdaed4df8d3a548a55f72fc64c0391a', 'width': 960}], 'source': {'height': 1000, 'url': 'https://preview.redd.it/x0c13qz4ln6a1.png?auto=webp&amp;s=afda79aa53fcc9340f7c2053f1757bb41a2657aa', 'width': 1000}, 'variants': {}}]}",t3_zoxz47,"[{'all_awardings': [], 'allow_live_comments': False, 'approved_at_utc': None, 'approved_by': None, 'archived': False, 'author': 'Vortex_Voider', 'author_flair_background_color': None, 'author_flair_css_class': None, 'author_flair_richtext': [], 'author_flair_template_id': None, 'author_flair_text': None, 'author_flair_text_color': None, 'author_flair_type': 'text', 'author_fullname': 't2_fg1eq', 'author_is_blocked': False, 'author_patreon_flair': False, 'author_premium': False, 'awarders': [], 'banned_at_utc': None, 'banned_by': None, 'can_gild': True, 'can_mod_post': False, 'category': None, 'clicked': False, 'content_categories': None, 'contest_mode': False, 'created': 1671368009.0, 'created_utc': 1671368009.0, 'discussion_type': None, 'distinguished': None, 'domain': 'i.redd.it', 'downs': 0, 'edited': False, 'gilded': 0, 'gildings': {}, 'hidden': False, 'hide_score': False, 'id': 'zoxz47', 'is_created_from_ads_ui': False, 'is_crosspostable': True, 'is_meta': False, 'is_original_content': False, 'is_reddit_media_domain': True, 'is_robot_indexable': True, 'is_self': False, 'is_video': False, 'likes': None, 'link_flair_background_color': '', 'link_flair_css_class': None, 'link_flair_richtext': [], 'link_flair_text': None, 'link_flair_text_color': 'dark', 'link_flair_type': 'text', 'locked': False, 'media': None, 'media_embed': {}, 'media_only': False, 'mod_note': None, 'mod_reason_by': None, 'mod_reason_title': None, 'mod_reports': [], 'name': 't3_zoxz47', 'no_follow': False, 'num_comments': 35, 'num_crossposts': 1, 'num_reports': None, 'over_18': False, 'parent_whitelist_status': 'all_ads', 'permalink': '/r/artstation/comments/zoxz47/artist_prompter_this_should_be_the_new_face_of/', 'pinned': False, 'post_hint': 'image', 'preview': {'enabled': True, 'images': [{'id': 'P1ngqCaVyAKMkQT9dc8QNuecbix5M7i0_wpWp3yjefE', 'resolutions': [{'height': 108, 'url': 'https://preview.redd.it/x0c13qz4ln6a1.png?width=108&amp;crop=smart&amp;auto=webp&amp;s=db1ca4f686dac36134286ba2e03912a85035d50e', 'width': 108}, {'height': 216, 'url': 'https://preview.redd.it/x0c13qz4ln6a1.png?width=216&amp;crop=smart&amp;auto=webp&amp;s=812c6ef83a6cf8b1e90b317ca3650ac89299be20', 'width': 216}, {'height': 320, 'url': 'https://preview.redd.it/x0c13qz4ln6a1.png?width=320&amp;crop=smart&amp;auto=webp&amp;s=7d7d7fbfc5f6b7645530d52e6ea31fee4fa6fffd', 'width': 320}, {'height': 640, 'url': 'https://preview.redd.it/x0c13qz4ln6a1.png?width=640&amp;crop=smart&amp;auto=webp&amp;s=75ba6a9930b99797d9bd7dd5076cfa0493612a78', 'width': 640}, {'height': 960, 'url': 'https://preview.redd.it/x0c13qz4ln6a1.png?width=960&amp;crop=smart&amp;auto=webp&amp;s=319065eebcdaed4df8d3a548a55f72fc64c0391a', 'width': 960}], 'source': {'height': 1000, 'url': 'https://preview.redd.it/x0c13qz4ln6a1.png?auto=webp&amp;s=afda79aa53fcc9340f7c2053f1757bb41a2657aa', 'width': 1000}, 'variants': {}}]}, 'pwls': 6, 'quarantine': False, 'removal_reason': None, 'removed_by': None, 'removed_by_category': None, 'report_reasons': None, 'saved': False, 'score': 19, 'secure_media': None, 'secure_media_embed': {}, 'selftext': '', 'selftext_html': None, 'send_replies': True, 'spoiler': False, 'stickied': False, 'subreddit': 'artstation', 'subreddit_id': 't5_37vxy', 'subreddit_name_prefixed': 'r/artstation', 'subreddit_subscribers': 2798, 'subreddit_type': 'public', 'suggested_sort': None, 'thumbnail': 'https://b.thumbs.redditmedia.com/y6rXmIFskdcqFOka7Br_SiS-D6bM6J3EFrOaCIzbNTs.jpg', 'thumbnail_height': 140, 'thumbnail_width': 140, 'title': 'Artist != Prompter | This should be the new face of the protest, and here is why:', 'top_awarded_type': None, 'total_awards_received': 0, 'treatment_tags': [], 'ups': 19, 'upvote_ratio': 0.75, 'url': 'https://i.redd.it/x0c13qz4ln6a1.png', 'url_overridden_by_dest': 'https://i.redd.it/x0c13qz4ln6a1.png', 'user_reports': [], 'view_count': None, 'visited': False, 'whitelist_status': 'all_ads', 'wls': 6}]",2022-12-18 22:57:17
