all_awardings,allow_live_comments,archived,author,author_created_utc,author_flair_background_color,author_flair_css_class,author_flair_template_id,author_flair_text,author_flair_text_color,awarders,banned_by,can_gild,can_mod_post,category,content_categories,contest_mode,created_utc,discussion_type,distinguished,domain,edited,gilded,gildings,hidden,hide_score,id,is_created_from_ads_ui,is_crosspostable,is_meta,is_original_content,is_reddit_media_domain,is_robot_indexable,is_self,is_video,link_flair_background_color,link_flair_css_class,link_flair_richtext,link_flair_text,link_flair_text_color,link_flair_type,locked,media,media_embed,media_only,name,no_follow,num_comments,num_crossposts,over_18,parent_whitelist_status,permalink,pinned,pwls,quarantine,removed_by,removed_by_category,retrieved_on,score,secure_media,secure_media_embed,selftext,send_replies,spoiler,stickied,subreddit,subreddit_id,subreddit_name_prefixed,subreddit_subscribers,subreddit_type,suggested_sort,thumbnail,thumbnail_height,thumbnail_width,title,top_awarded_type,total_awards_received,treatment_tags,upvote_ratio,url,view_count,whitelist_status,wls,author_flair_richtext,author_flair_type,author_fullname,author_patreon_flair,author_premium,link_flair_template_id,post_hint,preview,url_overridden_by_dest,created_dt
[],True,False,[deleted],,,,,,dark,[],,False,False,,,False,1671727385,CHAT,,,False,0,{},False,False,zsqj6r,False,False,False,False,False,False,True,False,,,[],,dark,text,False,,{},False,t3_zsqj6r,True,0,0,False,,/r/ArtistHate/comments/zsqj6r/rartisthate_lounge/,False,,False,,deleted,1673176516,1,,{},[removed],True,False,False,ArtistHate,t5_7n20jw,r/ArtistHate,48,public,new,default,,,r/ArtistHate Lounge,,0,[],1.0,,,,,,,,,,,,,,2022-12-22 16:43:05
[],False,False,Winter_Blueberry6493,1637060699.0,,,,,,[],,True,False,,,False,1671733680,,,i.redd.it,False,0,{},False,False,zst4x3,False,True,False,False,True,True,False,False,#ff00f0,,"[{'e': 'text', 't': 'AI Promters'}]",AI Promters,dark,richtext,False,,{},False,t3_zst4x3,False,0,4,False,,/r/ArtistHate/comments/zst4x3/_/,False,,False,,,1673176430,13,,{},,True,False,False,ArtistHate,t5_7n20jw,r/ArtistHate,48,public,,https://b.thumbs.redditmedia.com/ZrAZU4cdp02HffyLritwqVMGUZXP0D8nvXKSpYIS8wE.jpg,140.0,140.0,...,,0,[],0.94,https://i.redd.it/hqkytu1zsh7a1.png,,,,[],text,t2_geom5v7p,False,False,88163568-821b-11ed-ba0b-0e35c84d5bf2,image,"{'enabled': True, 'images': [{'id': '042hskedu7Jop31mLluvRwoVpAqPnzzJRLS2VqGQ97o', 'resolutions': [{'height': 186, 'url': 'https://preview.redd.it/hqkytu1zsh7a1.png?width=108&amp;crop=smart&amp;auto=webp&amp;s=90e6a79fb0410f36883f4b97b68ddd946d532d13', 'width': 108}, {'height': 372, 'url': 'https://preview.redd.it/hqkytu1zsh7a1.png?width=216&amp;crop=smart&amp;auto=webp&amp;s=c8aaa220c7d16ef51e67d8fe21810de9bfc91a8b', 'width': 216}, {'height': 552, 'url': 'https://preview.redd.it/hqkytu1zsh7a1.png?width=320&amp;crop=smart&amp;auto=webp&amp;s=00564b8cb9279a5216a3edfa93448e37c2d850a5', 'width': 320}], 'source': {'height': 825, 'url': 'https://preview.redd.it/hqkytu1zsh7a1.png?auto=webp&amp;s=c54b6dd32767d5ad61e96127fc01954dfe01617a', 'width': 478}, 'variants': {}}]}",https://i.redd.it/hqkytu1zsh7a1.png,2022-12-22 18:28:00
[],False,False,Winter_Blueberry6493,1637060699.0,,,,,,[],,True,False,,,False,1671734053,,,i.redd.it,False,0,{},False,False,zstabc,False,True,False,False,True,True,False,False,#46d160,,"[{'e': 'text', 't': 'Artist Love'}]",Artist Love,dark,richtext,False,,{},False,t3_zstabc,False,0,0,False,,/r/ArtistHate/comments/zstabc/some_good_news_agaist_ai_corruption_is_coming_out/,False,,False,,,1673176425,1,,{},,True,False,False,ArtistHate,t5_7n20jw,r/ArtistHate,48,public,,https://b.thumbs.redditmedia.com/lrY329-CMk19oaPL9svpM5KdZ4RKGio07m0KwqbpDzg.jpg,140.0,140.0,Some good news agaist AI corruption is coming out I see!,,0,[],0.56,https://i.redd.it/trmmdiyuth7a1.png,,,,[],text,t2_geom5v7p,False,False,c7a4eebc-8226-11ed-9492-f6454a554bbb,image,"{'enabled': True, 'images': [{'id': 'j_DQKZs-EhyHO8dp3Www4gBdMuxIbuBZqZ5LiTLEhTw', 'resolutions': [{'height': 216, 'url': 'https://preview.redd.it/trmmdiyuth7a1.png?width=108&amp;crop=smart&amp;auto=webp&amp;s=eec901e7a127096f6f3852124cc0b897676ac0f9', 'width': 108}, {'height': 432, 'url': 'https://preview.redd.it/trmmdiyuth7a1.png?width=216&amp;crop=smart&amp;auto=webp&amp;s=a355655cc279f6ae55d722d8c93d07a213148ef5', 'width': 216}, {'height': 640, 'url': 'https://preview.redd.it/trmmdiyuth7a1.png?width=320&amp;crop=smart&amp;auto=webp&amp;s=ad5b491bf5d7ef845a0e55a61643ccfdde266546', 'width': 320}], 'source': {'height': 1330, 'url': 'https://preview.redd.it/trmmdiyuth7a1.png?auto=webp&amp;s=068437235270aac0f89b92611eff100f26374807', 'width': 535}, 'variants': {}}]}",https://i.redd.it/trmmdiyuth7a1.png,2022-12-22 18:34:13
[],False,False,Winter_Blueberry6493,1637060699.0,,,,,,[],,True,False,,,False,1671734388,,,i.redd.it,False,0,{},False,False,zstezw,False,True,False,False,True,True,False,False,#ff00f0,,"[{'e': 'text', 't': 'AI Promters'}]",AI Promters,dark,richtext,False,,{},False,t3_zstezw,False,0,0,False,,/r/ArtistHate/comments/zstezw/they_even_tttled_this_its_over_whats_over/,False,,False,,,1673176420,2,,{},,True,False,False,ArtistHate,t5_7n20jw,r/ArtistHate,48,public,,https://b.thumbs.redditmedia.com/LAGln_w8SmzH2ybBSvM8M4ZLLTjzm6j_NN4cmZksBUw.jpg,140.0,140.0,"They even tttled this ""It's Over"" -What's over?",,0,[],1.0,https://i.redd.it/uy5r5ghzuh7a1.png,,,,[],text,t2_geom5v7p,False,False,88163568-821b-11ed-ba0b-0e35c84d5bf2,image,"{'enabled': True, 'images': [{'id': '8GpFr_UDnOh8AJnlSZL5uf7rlG3CtpQtviMLiqGlZYM', 'resolutions': [{'height': 121, 'url': 'https://preview.redd.it/uy5r5ghzuh7a1.png?width=108&amp;crop=smart&amp;auto=webp&amp;s=15c9def436e1ab101f3cc37308c4b3fa712cfe8f', 'width': 108}, {'height': 243, 'url': 'https://preview.redd.it/uy5r5ghzuh7a1.png?width=216&amp;crop=smart&amp;auto=webp&amp;s=e775a50e6f6c20ce555f2b72821361de992eb202', 'width': 216}, {'height': 360, 'url': 'https://preview.redd.it/uy5r5ghzuh7a1.png?width=320&amp;crop=smart&amp;auto=webp&amp;s=94ea36ae9ce1953d8017922f22003fb3405b231d', 'width': 320}], 'source': {'height': 676, 'url': 'https://preview.redd.it/uy5r5ghzuh7a1.png?auto=webp&amp;s=0898e810dd210d0cb78ddbabcc4acfd0076b35c9', 'width': 600}, 'variants': {}}]}",https://i.redd.it/uy5r5ghzuh7a1.png,2022-12-22 18:39:48
[],False,False,Winter_Blueberry6493,1637060699.0,,,,,,[],,True,False,,,False,1671734520,,,i.redd.it,False,0,{},False,False,zstgzf,False,True,False,False,True,True,False,False,#ffb000,,"[{'e': 'text', 't': 'Venting'}]",Venting,dark,richtext,False,,{},False,t3_zstgzf,False,0,0,False,,/r/ArtistHate/comments/zstgzf/theft/,False,,False,,,1673176419,2,,{},,True,False,False,ArtistHate,t5_7n20jw,r/ArtistHate,48,public,,https://a.thumbs.redditmedia.com/-DlbnNqSoShqXeSeHpHBq9HWUAPGm_CCfosh903wgb8.jpg,140.0,140.0,Theft.,,0,[],1.0,https://i.redd.it/epyhndogvh7a1.png,,,,[],text,t2_geom5v7p,False,False,5d5bdaa8-821b-11ed-882a-2ea5d99ae429,image,"{'enabled': True, 'images': [{'id': 'gAHoD-lwa1dv5nbpe5jbrVGc7wtTuP1bQTMjXFc4vmQ', 'resolutions': [{'height': 216, 'url': 'https://preview.redd.it/epyhndogvh7a1.png?width=108&amp;crop=smart&amp;auto=webp&amp;s=9bb4a88180127d43ac9ea867501515c6a5a3066b', 'width': 108}, {'height': 432, 'url': 'https://preview.redd.it/epyhndogvh7a1.png?width=216&amp;crop=smart&amp;auto=webp&amp;s=c771046e7245ba653e9e6c48a83380399536d811', 'width': 216}, {'height': 640, 'url': 'https://preview.redd.it/epyhndogvh7a1.png?width=320&amp;crop=smart&amp;auto=webp&amp;s=2368f97f7c1993ff642656f3995bb525ee9d6ba6', 'width': 320}], 'source': {'height': 1600, 'url': 'https://preview.redd.it/epyhndogvh7a1.png?auto=webp&amp;s=ac2788d6f006a8c5f786951bf303342d950bf94e', 'width': 382}, 'variants': {}}]}",https://i.redd.it/epyhndogvh7a1.png,2022-12-22 18:42:00
[],False,False,Winter_Blueberry6493,1637060699.0,,,,,,[],,True,False,,,False,1671734969,,,i.redd.it,False,0,{},False,False,zstn9g,False,True,False,False,True,True,False,False,#ff00f0,,"[{'e': 'text', 't': 'AI Promters'}]",AI Promters,dark,richtext,False,,{},False,t3_zstn9g,False,0,0,False,,/r/ArtistHate/comments/zstn9g/_/,False,,False,,,1673176413,9,,{},,True,False,False,ArtistHate,t5_7n20jw,r/ArtistHate,48,public,,https://b.thumbs.redditmedia.com/ghGyNCqocEidZcTFqWP2XFFrAkym2HmxLW5QvbIYVbM.jpg,140.0,140.0,...,,0,[],1.0,https://i.redd.it/4cluoyiawh7a1.png,,,,[],text,t2_geom5v7p,False,False,88163568-821b-11ed-ba0b-0e35c84d5bf2,image,"{'enabled': True, 'images': [{'id': 'QAOKVZJAnc38xfbcAI_gIdkiIcMUk-nwY6miz6W1tgA', 'resolutions': [{'height': 151, 'url': 'https://preview.redd.it/4cluoyiawh7a1.png?width=108&amp;crop=smart&amp;auto=webp&amp;s=7983ada6556a9c3420ce676b0b67ed2fb3c0d8a1', 'width': 108}, {'height': 302, 'url': 'https://preview.redd.it/4cluoyiawh7a1.png?width=216&amp;crop=smart&amp;auto=webp&amp;s=0f7b3ed9fdbc266f447e0220671dde3cd3b72b1d', 'width': 216}, {'height': 448, 'url': 'https://preview.redd.it/4cluoyiawh7a1.png?width=320&amp;crop=smart&amp;auto=webp&amp;s=a64a3be264da7cd45c888405740c92c489027362', 'width': 320}], 'source': {'height': 838, 'url': 'https://preview.redd.it/4cluoyiawh7a1.png?auto=webp&amp;s=1695858b2a9c8e70c9e592702430f2e5845178cb', 'width': 598}, 'variants': {}}]}",https://i.redd.it/4cluoyiawh7a1.png,2022-12-22 18:49:29
[],False,False,Winter_Blueberry6493,1637060699.0,,,,,,[],,True,False,,,False,1671737924,,,i.redd.it,False,0,{},False,False,zsut6h,False,True,False,False,True,True,False,False,#fe5115,,"[{'e': 'text', 't': 'Theft'}]",Theft,dark,richtext,False,,{},False,t3_zsut6h,False,6,0,False,,/r/ArtistHate/comments/zsut6h/theft/,False,,False,,,1673176374,10,,{},,True,False,False,ArtistHate,t5_7n20jw,r/ArtistHate,48,public,,https://b.thumbs.redditmedia.com/I8ajFIRhuF6iinjoeRw17hNGIE1x1cu0q2KFCqaoiSo.jpg,140.0,140.0,Theft.,,0,[],1.0,https://i.redd.it/1k1c86zh5i7a1.png,,,,[],text,t2_geom5v7p,False,False,84126b5a-8237-11ed-8b15-1e1a766f4961,image,"{'enabled': True, 'images': [{'id': 'SLqz1RqW5rDzk1LoAOMXcWdbcsyL9pRa0UCQda1qShs', 'resolutions': [{'height': 216, 'url': 'https://preview.redd.it/1k1c86zh5i7a1.png?width=108&amp;crop=smart&amp;auto=webp&amp;s=77fbf373de283c8e4e4f6b41f3cbcd6a3d4b92ed', 'width': 108}, {'height': 432, 'url': 'https://preview.redd.it/1k1c86zh5i7a1.png?width=216&amp;crop=smart&amp;auto=webp&amp;s=fdcaaf22914930e7273810c007abe1fd587a4845', 'width': 216}, {'height': 640, 'url': 'https://preview.redd.it/1k1c86zh5i7a1.png?width=320&amp;crop=smart&amp;auto=webp&amp;s=312f69004431b5cb1d843b945732aade67c21afe', 'width': 320}], 'source': {'height': 1600, 'url': 'https://preview.redd.it/1k1c86zh5i7a1.png?auto=webp&amp;s=dac0a18049b7fb62fd1b4d8cd5e974e4700e216a', 'width': 375}, 'variants': {}}]}",https://i.redd.it/1k1c86zh5i7a1.png,2022-12-22 19:38:44
[],False,False,Winter_Blueberry6493,1637060699.0,,,,,,[],,True,False,,,False,1671738222,,,i.redd.it,False,0,{},False,False,zsux99,False,True,False,False,True,True,False,False,#bbbdbf,,"[{'e': 'text', 't': 'Corporate Hate'}]",Corporate Hate,dark,richtext,False,,{},False,t3_zsux99,False,0,0,False,,/r/ArtistHate/comments/zsux99/i_know_im_kinda_spamming_this_shit_but_everything/,False,,False,,,1673176370,5,,{},,True,False,False,ArtistHate,t5_7n20jw,r/ArtistHate,48,public,,https://b.thumbs.redditmedia.com/cjMPlUoeKToqWMxSxvtkKUf9-HJGG0pdSo10Xg2IpFQ.jpg,140.0,140.0,I know I'm kinda spamming this shit but everything has to start from somewhere.,,0,[],1.0,https://i.redd.it/xkr3m70d6i7a1.png,,,,[],text,t2_geom5v7p,False,False,b48e1460-8222-11ed-9f86-1e1a766f4961,image,"{'enabled': True, 'images': [{'id': 'uWtTydR1eWQDWiiamjhtdB07HmH5RmiJHF7blujkL18', 'resolutions': [{'height': 131, 'url': 'https://preview.redd.it/xkr3m70d6i7a1.png?width=108&amp;crop=smart&amp;auto=webp&amp;s=c35371563ac39cd1926301126e9f99da2133b768', 'width': 108}, {'height': 262, 'url': 'https://preview.redd.it/xkr3m70d6i7a1.png?width=216&amp;crop=smart&amp;auto=webp&amp;s=24e55cdb6ddd1d527fc14e7261b7451d95ad43a1', 'width': 216}, {'height': 388, 'url': 'https://preview.redd.it/xkr3m70d6i7a1.png?width=320&amp;crop=smart&amp;auto=webp&amp;s=854b8b4c6dcbb3e6fee30ec125b1febf927c6ae2', 'width': 320}, {'height': 777, 'url': 'https://preview.redd.it/xkr3m70d6i7a1.png?width=640&amp;crop=smart&amp;auto=webp&amp;s=471f3b4dbcce117d7538bc53da760d1b499f349a', 'width': 640}], 'source': {'height': 1152, 'url': 'https://preview.redd.it/xkr3m70d6i7a1.png?auto=webp&amp;s=71e1332dc6fe139fa93e5e27a6f6748197e8ed96', 'width': 948}, 'variants': {}}]}",https://i.redd.it/xkr3m70d6i7a1.png,2022-12-22 19:43:42
[],False,False,Winter_Blueberry6493,1637060699.0,,,,,,[],,True,False,,,False,1671738638,,,i.redd.it,False,0,{},False,False,zsv37c,False,True,False,False,True,True,False,False,#ff00f0,,"[{'e': 'text', 't': 'AI Promters'}]",AI Promters,dark,richtext,False,,{},False,t3_zsv37c,False,0,0,False,,/r/ArtistHate/comments/zsv37c/so_these_guys_want_to_live_inside_mr_beast_style/,False,,False,,,1673176364,4,,{},,True,False,False,ArtistHate,t5_7n20jw,r/ArtistHate,48,public,,https://b.thumbs.redditmedia.com/1HBVlrfsT-2UhN2kDJkG3pfaJlaZZjxuwJJ9frM8GYc.jpg,33.0,140.0,So... These guys want to live inside Mr. Beast style Youtube thumbnails forever gaining money from noting?,,0,[],0.84,https://i.redd.it/7jdct8di7i7a1.png,,,,[],text,t2_geom5v7p,False,False,88163568-821b-11ed-ba0b-0e35c84d5bf2,image,"{'enabled': True, 'images': [{'id': 'RuhHupT8TuBSsl5zf5pNJ6zODaGlsGy_nI5MyqR3tXY', 'resolutions': [{'height': 25, 'url': 'https://preview.redd.it/7jdct8di7i7a1.png?width=108&amp;crop=smart&amp;auto=webp&amp;s=b2ccad7427b24b4a8543d0dc54c7c2b8b422d536', 'width': 108}, {'height': 51, 'url': 'https://preview.redd.it/7jdct8di7i7a1.png?width=216&amp;crop=smart&amp;auto=webp&amp;s=3d1d5f7c8f3ce53d165d86376eb415fdd9890758', 'width': 216}, {'height': 76, 'url': 'https://preview.redd.it/7jdct8di7i7a1.png?width=320&amp;crop=smart&amp;auto=webp&amp;s=1d8d972453867afd593ec39b665a5f3b00f7d979', 'width': 320}, {'height': 153, 'url': 'https://preview.redd.it/7jdct8di7i7a1.png?width=640&amp;crop=smart&amp;auto=webp&amp;s=3bb3e474b44f510a508b9c4a0a27d2d0456312c6', 'width': 640}, {'height': 229, 'url': 'https://preview.redd.it/7jdct8di7i7a1.png?width=960&amp;crop=smart&amp;auto=webp&amp;s=b12cebb4b898cc6ee17f7c9ae3ac4ef5e80c4be2', 'width': 960}], 'source': {'height': 238, 'url': 'https://preview.redd.it/7jdct8di7i7a1.png?auto=webp&amp;s=2fc02e303fdd45a937c96a51fce7a32adebf55a3', 'width': 995}, 'variants': {}}]}",https://i.redd.it/7jdct8di7i7a1.png,2022-12-22 19:50:38
[],False,False,Winter_Blueberry6493,1637060699.0,,,,,,[],,True,False,,,False,1671738829,,,i.redd.it,False,0,{},False,False,zsv5rn,False,True,False,False,True,True,False,False,#0dd3bb,,"[{'e': 'text', 't': 'Gatekeeping'}]",Gatekeeping,dark,richtext,False,,{},False,t3_zsv5rn,False,0,0,False,,/r/ArtistHate/comments/zsv5rn/_/,False,,False,,,1673176362,7,,{},,True,False,False,ArtistHate,t5_7n20jw,r/ArtistHate,48,public,,https://a.thumbs.redditmedia.com/MNM7DLzR24rEe39FA9BVaLCQs0VJNQiAOCTNwCmQF44.jpg,140.0,140.0,.,,0,[],1.0,https://i.redd.it/u19yf6o58i7a1.png,,,,[],text,t2_geom5v7p,False,False,0ac9c48a-821b-11ed-9e98-7ae06635e1ee,image,"{'enabled': True, 'images': [{'id': 'W1I8RGO7-BPKPqYHQKEYWleWfrKW_8l_7_OCpr8CN64', 'resolutions': [{'height': 111, 'url': 'https://preview.redd.it/u19yf6o58i7a1.png?width=108&amp;crop=smart&amp;auto=webp&amp;s=34dad7741cb9a24e9b36f8983ebfad41b2299d80', 'width': 108}, {'height': 222, 'url': 'https://preview.redd.it/u19yf6o58i7a1.png?width=216&amp;crop=smart&amp;auto=webp&amp;s=0d357cce272d72c797ea43ccd5c5d3d0fcea2e0f', 'width': 216}, {'height': 330, 'url': 'https://preview.redd.it/u19yf6o58i7a1.png?width=320&amp;crop=smart&amp;auto=webp&amp;s=495e316d6a5cc714074bcc1e7fbda42a1efbc7df', 'width': 320}, {'height': 660, 'url': 'https://preview.redd.it/u19yf6o58i7a1.png?width=640&amp;crop=smart&amp;auto=webp&amp;s=5676825fe02bcb037925cbf68f778f6b1bc8042a', 'width': 640}], 'source': {'height': 702, 'url': 'https://preview.redd.it/u19yf6o58i7a1.png?auto=webp&amp;s=454c5697124fe16c238206417b0950a533ad613d', 'width': 680}, 'variants': {}}]}",https://i.redd.it/u19yf6o58i7a1.png,2022-12-22 19:53:49
