all_awardings,allow_live_comments,archived,author,author_created_utc,author_flair_background_color,author_flair_css_class,author_flair_richtext,author_flair_template_id,author_flair_text,author_flair_text_color,author_flair_type,author_fullname,author_patreon_flair,author_premium,awarders,banned_by,can_gild,can_mod_post,category,content_categories,contest_mode,created_utc,discussion_type,distinguished,domain,edited,gilded,gildings,hidden,hide_score,id,is_created_from_ads_ui,is_crosspostable,is_meta,is_original_content,is_reddit_media_domain,is_robot_indexable,is_self,is_video,link_flair_background_color,link_flair_css_class,link_flair_richtext,link_flair_text,link_flair_text_color,link_flair_type,locked,media,media_embed,media_only,name,no_follow,num_comments,num_crossposts,over_18,parent_whitelist_status,permalink,pinned,post_hint,preview,pwls,quarantine,removed_by,removed_by_category,retrieved_on,retrieved_utc,score,secure_media,secure_media_embed,selftext,send_replies,spoiler,stickied,subreddit,subreddit_id,subreddit_name_prefixed,subreddit_subscribers,subreddit_type,suggested_sort,thumbnail,thumbnail_height,thumbnail_width,title,top_awarded_type,total_awards_received,treatment_tags,upvote_ratio,url,view_count,whitelist_status,wls,url_overridden_by_dest,created_dt
[],True,False,cench,1348786101.0,,,[],,,,text,t2_958jc,False,False,[],,True,False,,,False,1649322151,CHAT,,self.dalle2,1649762840.0,0,{},False,False,ty8vlo,False,True,False,False,False,True,True,False,,,[],,dark,text,False,,{},False,t3_ty8vlo,False,8,0,False,,/r/dalle2/comments/ty8vlo/rdalle2_lounge/,False,self,"{'enabled': False, 'images': [{'id': '4gl4T7d6zlSlZFWb7f47UZXCrpOi32zLMWbcdsq3-Zw', 'resolutions': [{'height': 64, 'url': 'https://external-preview.redd.it/WxulIKKm-2ySDYnNn4WAzeUutFXDx8YjTIkJ1rRcruw.jpg?width=108&amp;crop=smart&amp;auto=webp&amp;s=36264ce9502911d0641cebafa946dc25ba50ba25', 'width': 108}, {'height': 129, 'url': 'https://external-preview.redd.it/WxulIKKm-2ySDYnNn4WAzeUutFXDx8YjTIkJ1rRcruw.jpg?width=216&amp;crop=smart&amp;auto=webp&amp;s=658f49166fd9af581b5db7fd0def3069d243d1ce', 'width': 216}, {'height': 192, 'url': 'https://external-preview.redd.it/WxulIKKm-2ySDYnNn4WAzeUutFXDx8YjTIkJ1rRcruw.jpg?width=320&amp;crop=smart&amp;auto=webp&amp;s=b7dc32383f6b2d36493c19c2a90726e3c0267209', 'width': 320}, {'height': 384, 'url': 'https://external-preview.redd.it/WxulIKKm-2ySDYnNn4WAzeUutFXDx8YjTIkJ1rRcruw.jpg?width=640&amp;crop=smart&amp;auto=webp&amp;s=cb51b5847f1f745d1d30b2a37c8a646c24271cce', 'width': 640}, {'height': 576, 'url': 'https://external-preview.redd.it/WxulIKKm-2ySDYnNn4WAzeUutFXDx8YjTIkJ1rRcruw.jpg?width=960&amp;crop=smart&amp;auto=webp&amp;s=b8c563e2b3b7c856b58c9bce7f82cc67511856be', 'width': 960}, {'height': 648, 'url': 'https://external-preview.redd.it/WxulIKKm-2ySDYnNn4WAzeUutFXDx8YjTIkJ1rRcruw.jpg?width=1080&amp;crop=smart&amp;auto=webp&amp;s=e8397ba21c4120c1713e276b18a7bfe885a05272', 'width': 1080}], 'source': {'height': 720, 'url': 'https://external-preview.redd.it/WxulIKKm-2ySDYnNn4WAzeUutFXDx8YjTIkJ1rRcruw.jpg?auto=webp&amp;s=f890acfaf2b0c7b649f26dab0f73522347aac900', 'width': 1200}, 'variants': {}}]}",,False,,,1654019797,1654019797,5,,{},"A place for members of r/dalle2 to chat with each other

B: https://openai.com/dall-e-2/

P: https://cdn.openai.com/papers/dall-e-2.pdf

G: https://github.com/openai/dalle-2-preview

I: https://www.instagram.com/openaidalle/

Some good info here: https://www.lesswrong.com/posts/r99tazGiLgzqFX7ka/playing-with-dall-e-2

Another blog post: https://blog.gregbrockman.com/its-time-to-become-an-ml-engineer

Join wait-list here: https://labs.openai.com/waitlist


**prompt:** user inputs *text*, dall-e 2 generates image(s) [example](https://twitter.com/Merzmensch/status/1513611885576347658)

**inpainting:** user starts with an *image* or *prompt*, selects an area, inputs *instruction* to edit the image, dall-e 2 edits existing image. [example](https://twitter.com/unixpickle/status/1513000248360124417)

**text diffs:** user starts with an *image*, either inputs another *image* or types a *prompt*, dall-e 2 creates transition video between initial image and desired end state. [example](https://twitter.com/model_mechanic/status/1513588042145021953) [example](https://twitter.com/model_mechanic/status/1513532013554282498)",True,False,False,dalle2,t5_66jnlu,r/dalle2,15075,public,new,self,,,r/dalle2 Lounge,,0,[],1.0,https://www.reddit.com/r/dalle2/comments/ty8vlo/rdalle2_lounge/,,,,,2022-04-07 09:02:31
[],False,False,Lazylion2,1283724880.0,,,[],,,,text,t2_4bewr,False,False,[],,True,False,,,False,1649326979,,,i.redd.it,False,0,{},False,False,ty9z1v,False,True,False,False,True,True,False,False,,,[],,dark,text,False,,{},False,t3_ty9z1v,False,1,0,False,,/r/dalle2/comments/ty9z1v/a_loaf_of_bread_in_the_shape_of_a_bunny/,False,image,"{'enabled': True, 'images': [{'id': 'TW_MTQA5mJjpiaQZnqnGD8aZH0NR-zdPoxVueme5MM8', 'resolutions': [{'height': 68, 'url': 'https://preview.redd.it/g4j8dmnb23s81.png?width=108&amp;crop=smart&amp;auto=webp&amp;s=1bbd7ed689ddf54929126f0d0088d1760a688157', 'width': 108}, {'height': 137, 'url': 'https://preview.redd.it/g4j8dmnb23s81.png?width=216&amp;crop=smart&amp;auto=webp&amp;s=6f5596069274e1656584356c672d48f5a4ddd523', 'width': 216}, {'height': 204, 'url': 'https://preview.redd.it/g4j8dmnb23s81.png?width=320&amp;crop=smart&amp;auto=webp&amp;s=d21d420d12d8c89f744880e86436e53320c6d50a', 'width': 320}, {'height': 408, 'url': 'https://preview.redd.it/g4j8dmnb23s81.png?width=640&amp;crop=smart&amp;auto=webp&amp;s=73833a6943893a0cad3319cdb6e7d5d9c47970b6', 'width': 640}, {'height': 612, 'url': 'https://preview.redd.it/g4j8dmnb23s81.png?width=960&amp;crop=smart&amp;auto=webp&amp;s=58b1e2ad512bcb4c832be0620e509dfdee826062', 'width': 960}, {'height': 688, 'url': 'https://preview.redd.it/g4j8dmnb23s81.png?width=1080&amp;crop=smart&amp;auto=webp&amp;s=7a838ead358fdeb0c6920a7d4dce722d8dab2216', 'width': 1080}], 'source': {'height': 759, 'url': 'https://preview.redd.it/g4j8dmnb23s81.png?auto=webp&amp;s=522d113a8892d407feee19459db3b491711d0f5b', 'width': 1190}, 'variants': {}}]}",,False,,,1654019722,1654019722,10,,{},,True,False,False,dalle2,t5_66jnlu,r/dalle2,15075,public,,https://b.thumbs.redditmedia.com/iDOfzWXq5OhygByW5lxoXChmx1vysit5k0gwtL2ixBU.jpg,89.0,140.0,"A loaf of bread in the shape of a bunny, electrified with lightning throughout it, sitting atop a wooden kitchen counter",,0,[],0.8,https://i.redd.it/g4j8dmnb23s81.png,,,,https://i.redd.it/g4j8dmnb23s81.png,2022-04-07 10:22:59
[],False,False,Lazylion2,1283724880.0,,,[],,,,text,t2_4bewr,False,False,[],,True,False,,,False,1649327072,,,i.redd.it,False,0,{},False,False,ty9zvc,False,True,False,False,True,True,False,False,,,[],,dark,text,False,,{},False,t3_ty9zvc,False,1,0,False,,/r/dalle2/comments/ty9zvc/a_raccoon_astronaut_with_the_cosmos_reflecting_on/,False,image,"{'enabled': True, 'images': [{'id': 'w6H0ziBA1snalUZBuvH2ngI8iwJ8X-onHzE6XT3dyZI', 'resolutions': [{'height': 125, 'url': 'https://preview.redd.it/6yrpbjol23s81.png?width=108&amp;crop=smart&amp;auto=webp&amp;s=21246c9c0885befe0890fd80e8de587f88cd5e24', 'width': 108}, {'height': 250, 'url': 'https://preview.redd.it/6yrpbjol23s81.png?width=216&amp;crop=smart&amp;auto=webp&amp;s=f1da1f1835531d9fdab9ddf477d6ce76d8adcd43', 'width': 216}, {'height': 370, 'url': 'https://preview.redd.it/6yrpbjol23s81.png?width=320&amp;crop=smart&amp;auto=webp&amp;s=7ccf05b21b24187738ef329c02d6d5b796e61833', 'width': 320}, {'height': 740, 'url': 'https://preview.redd.it/6yrpbjol23s81.png?width=640&amp;crop=smart&amp;auto=webp&amp;s=5507b26631443844ecdc17d0a24a07645eb8f340', 'width': 640}], 'source': {'height': 903, 'url': 'https://preview.redd.it/6yrpbjol23s81.png?auto=webp&amp;s=05b06125507a36838975e9a5c003bc9d8d87affa', 'width': 780}, 'variants': {}}]}",,False,,,1654019720,1654019720,16,,{},,True,False,False,dalle2,t5_66jnlu,r/dalle2,15075,public,,https://b.thumbs.redditmedia.com/UVb-9SqG1Kwm5KQ4J4_1Jh7Y_M-Iyrt224jrHvQAEZY.jpg,140.0,140.0,a raccoon astronaut with the cosmos reflecting on the glass of his helmet dreaming of the stars,,0,[],0.95,https://i.redd.it/6yrpbjol23s81.png,,,,https://i.redd.it/6yrpbjol23s81.png,2022-04-07 10:24:32
[],False,False,Lazylion2,1283724880.0,,,[],,,,text,t2_4bewr,False,False,[],,True,False,,,False,1649327132,,,i.redd.it,False,0,{},False,False,tya0f7,False,True,False,False,True,True,False,False,,,[],,dark,text,False,,{},False,t3_tya0f7,False,2,0,False,,/r/dalle2/comments/tya0f7/a_kid_and_a_dog_staring_at_the_stars/,False,image,"{'enabled': True, 'images': [{'id': 'r_fK_s8mn3LX-DZNqdj8gw65pJW9HC4diH9zvXfytno', 'resolutions': [{'height': 114, 'url': 'https://preview.redd.it/09n2g71t23s81.png?width=108&amp;crop=smart&amp;auto=webp&amp;s=6b13fba08e319087f2dec88189d97275db33da15', 'width': 108}, {'height': 228, 'url': 'https://preview.redd.it/09n2g71t23s81.png?width=216&amp;crop=smart&amp;auto=webp&amp;s=7860bef70655ac1d2293f746b8ebf7493daad97e', 'width': 216}, {'height': 338, 'url': 'https://preview.redd.it/09n2g71t23s81.png?width=320&amp;crop=smart&amp;auto=webp&amp;s=44c5b8a9d844b78262dd0d9ed3ce6feb0a341d24', 'width': 320}, {'height': 676, 'url': 'https://preview.redd.it/09n2g71t23s81.png?width=640&amp;crop=smart&amp;auto=webp&amp;s=69ac1612da2fd76012f8648156b4c537e38a8852', 'width': 640}], 'source': {'height': 824, 'url': 'https://preview.redd.it/09n2g71t23s81.png?auto=webp&amp;s=49228b98fc34c6a47b226b0ac4f81fb12cc2f615', 'width': 780}, 'variants': {}}]}",,False,,,1654019719,1654019719,14,,{},,True,False,False,dalle2,t5_66jnlu,r/dalle2,15075,public,,https://b.thumbs.redditmedia.com/JV6ebsSOyU--BmVlmbH_20M9uwNpoQugP36CRDeWHuU.jpg,140.0,140.0,A kid and a dog staring at the stars,,0,[],0.9,https://i.redd.it/09n2g71t23s81.png,,,,https://i.redd.it/09n2g71t23s81.png,2022-04-07 10:25:32
[],False,False,cench,1348786101.0,,,[],,,,text,t2_958jc,False,False,[],,True,False,,,False,1649357758,,,i.redd.it,False,0,{},False,False,tyk0m7,False,True,False,False,True,True,False,False,,,[],,dark,text,False,,{},False,t3_tyk0m7,False,1,0,False,,/r/dalle2/comments/tyk0m7/vibrant_portrait_painting_of_salvador_dalí_with_a/,False,image,"{'enabled': True, 'images': [{'id': 'iArAfCybOzFi7riYmx-5vzKsOxo9UEorTr-8fj7XzqA', 'resolutions': [{'height': 107, 'url': 'https://preview.redd.it/j5wqo9ovl5s81.png?width=108&amp;crop=smart&amp;auto=webp&amp;s=706d8cf7ef80bb81be3f5b6e0a44954a913a9c0d', 'width': 108}, {'height': 215, 'url': 'https://preview.redd.it/j5wqo9ovl5s81.png?width=216&amp;crop=smart&amp;auto=webp&amp;s=a9152f6b7ef3a21fdb78e319d78be5ee799839b0', 'width': 216}, {'height': 318, 'url': 'https://preview.redd.it/j5wqo9ovl5s81.png?width=320&amp;crop=smart&amp;auto=webp&amp;s=a810516480b17e56996437d08aa4b2612de6be60', 'width': 320}, {'height': 637, 'url': 'https://preview.redd.it/j5wqo9ovl5s81.png?width=640&amp;crop=smart&amp;auto=webp&amp;s=581e8506a0d090aa64425ea0a6a7505d9874a1d5', 'width': 640}], 'source': {'height': 902, 'url': 'https://preview.redd.it/j5wqo9ovl5s81.png?auto=webp&amp;s=0d798306c404c3878d051d4cfec76c2cd023ef4a', 'width': 906}, 'variants': {}}]}",,False,,,1654019020,1654019020,9,,{},,True,False,False,dalle2,t5_66jnlu,r/dalle2,15072,public,,https://b.thumbs.redditmedia.com/9BXCwdAse9fFiSeJo5pK-ZY1i72jHQZ27-p4sAaik_M.jpg,139.0,140.0,vibrant portrait painting of Salvador Dalí with a robotic half face,,0,[],0.86,https://i.redd.it/j5wqo9ovl5s81.png,,,,https://i.redd.it/j5wqo9ovl5s81.png,2022-04-07 18:55:58
[],False,False,cench,1348786101.0,,,[],,,,text,t2_958jc,False,False,[],,True,False,,,False,1649364716,,,i.redd.it,False,0,{},False,False,tymj20,False,True,False,False,True,True,False,False,,,[],,dark,text,False,,{},False,t3_tymj20,False,1,0,False,,/r/dalle2/comments/tymj20/animal_helicopter_chimera/,False,image,"{'enabled': True, 'images': [{'id': 'dk1SPMPWRZ8PUzxwMg8dr4IgOt5jqHq2Vo3jexmhJCA', 'resolutions': [{'height': 108, 'url': 'https://preview.redd.it/3r89el5k66s81.jpg?width=108&amp;crop=smart&amp;auto=webp&amp;s=af59c094aebe0c30b0a454d5950765e897fa96bc', 'width': 108}, {'height': 216, 'url': 'https://preview.redd.it/3r89el5k66s81.jpg?width=216&amp;crop=smart&amp;auto=webp&amp;s=034bf3ee37dcf3c643cd41225c0fe8d85aa4f54a', 'width': 216}, {'height': 320, 'url': 'https://preview.redd.it/3r89el5k66s81.jpg?width=320&amp;crop=smart&amp;auto=webp&amp;s=a6b27c4a7858c28ae1091e66ced8ab721e7fe8f4', 'width': 320}, {'height': 640, 'url': 'https://preview.redd.it/3r89el5k66s81.jpg?width=640&amp;crop=smart&amp;auto=webp&amp;s=ba280cf1e72dee857c5be886b8fc42024677145a', 'width': 640}, {'height': 960, 'url': 'https://preview.redd.it/3r89el5k66s81.jpg?width=960&amp;crop=smart&amp;auto=webp&amp;s=fc743b33fa562d6bf2f7186b5ac980ed4fd282ad', 'width': 960}], 'source': {'height': 1024, 'url': 'https://preview.redd.it/3r89el5k66s81.jpg?auto=webp&amp;s=e981fd522e1dbdd9fb673a7ae1784f8bbe6b5065', 'width': 1024}, 'variants': {}}]}",,False,,,1654018843,1654018843,33,,{},,True,False,False,dalle2,t5_66jnlu,r/dalle2,15070,public,,https://b.thumbs.redditmedia.com/m1mwQgiRn0qPcP8GSDmhi1Lm0k0ErGclgzw7p8v1bxA.jpg,140.0,140.0,animal helicopter chimera,,0,[],0.96,https://i.redd.it/3r89el5k66s81.jpg,,,,https://i.redd.it/3r89el5k66s81.jpg,2022-04-07 20:51:56
[],False,False,cench,1348786101.0,,,[],,,,text,t2_958jc,False,False,[],,True,False,,,False,1649364953,,,i.redd.it,False,0,{},False,False,tymm4s,False,True,False,False,True,True,False,False,,,[],,dark,text,False,,{},False,t3_tymm4s,False,1,0,False,,/r/dalle2/comments/tymm4s/hanging_gardens_of_babylon_in_the_middle_of_a/,False,image,"{'enabled': True, 'images': [{'id': 'iuHZBYd4ANrG7s3BPqeWStwFc_3kJjD63jMpT1W4EE0', 'resolutions': [{'height': 108, 'url': 'https://preview.redd.it/eo0m3b1a76s81.jpg?width=108&amp;crop=smart&amp;auto=webp&amp;s=0c73c059e58ab264888e838b7fa051da77a9cfca', 'width': 108}, {'height': 216, 'url': 'https://preview.redd.it/eo0m3b1a76s81.jpg?width=216&amp;crop=smart&amp;auto=webp&amp;s=6517f97f6ba852d3d99321643a8229922f3e1ffc', 'width': 216}, {'height': 320, 'url': 'https://preview.redd.it/eo0m3b1a76s81.jpg?width=320&amp;crop=smart&amp;auto=webp&amp;s=403d0a29242c5528bf53edf411973c81315d0e4b', 'width': 320}, {'height': 640, 'url': 'https://preview.redd.it/eo0m3b1a76s81.jpg?width=640&amp;crop=smart&amp;auto=webp&amp;s=a20d89f8b4c119d1941693569eac3b9adfbb17cb', 'width': 640}, {'height': 960, 'url': 'https://preview.redd.it/eo0m3b1a76s81.jpg?width=960&amp;crop=smart&amp;auto=webp&amp;s=fe958073bcf12e80ce362d21abc82e324b45a133', 'width': 960}], 'source': {'height': 1024, 'url': 'https://preview.redd.it/eo0m3b1a76s81.jpg?auto=webp&amp;s=7960c52a7b1fc7b2ddf9fba5f953d3d184001da7', 'width': 1024}, 'variants': {}}]}",,False,,,1654018838,1654018838,16,,{},,True,False,False,dalle2,t5_66jnlu,r/dalle2,15070,public,,https://b.thumbs.redditmedia.com/LuIMpeXySnKLmLF2P69JI8F7u2sB87iTMnfZeXqjD8U.jpg,140.0,140.0,hanging gardens of Babylon in the middle of a city in the style of Dali,,0,[],1.0,https://i.redd.it/eo0m3b1a76s81.jpg,,,,https://i.redd.it/eo0m3b1a76s81.jpg,2022-04-07 20:55:53
[],False,False,[deleted],,,,,,,dark,,,,,[],,False,False,,,False,1649365139,,,i.redd.it,False,0,{},False,False,tymom5,False,False,False,False,True,False,False,False,,,[],,dark,text,False,,{},False,t3_tymom5,False,1,0,False,,/r/dalle2/comments/tymom5/a_kid_and_a_dog_staring_at_the_stars/,False,,,,False,,deleted,1654018832,1654018832,1,,{},[deleted],True,False,False,dalle2,t5_66jnlu,r/dalle2,15069,public,,default,140.0,140.0,A kid and a dog staring at the stars,,0,[],1.0,https://i.redd.it/tptfwdyr76s81.jpg,,,,https://i.redd.it/tptfwdyr76s81.jpg,2022-04-07 20:58:59
[],False,False,cench,1348786101.0,,,[],,,,text,t2_958jc,False,False,[],,True,False,,,False,1649365260,,,i.redd.it,False,0,{},False,False,tymqiy,False,True,False,False,True,True,False,False,,,[],,dark,text,False,,{},False,t3_tymqiy,False,1,0,False,,/r/dalle2/comments/tymqiy/a_robot_showing_another_robot_its_painting/,False,image,"{'enabled': True, 'images': [{'id': 'UFPxbkQ-M240Ih6gm1ZDsWUUIM6_nkn1CtZWAlDE5ko', 'resolutions': [{'height': 108, 'url': 'https://preview.redd.it/zq0hr95786s81.jpg?width=108&amp;crop=smart&amp;auto=webp&amp;s=02699344796cb01d0d737ec39ae37dfef8d5f8bc', 'width': 108}, {'height': 216, 'url': 'https://preview.redd.it/zq0hr95786s81.jpg?width=216&amp;crop=smart&amp;auto=webp&amp;s=5443203d755b96024921c9d1c6af2074a1fabe26', 'width': 216}, {'height': 320, 'url': 'https://preview.redd.it/zq0hr95786s81.jpg?width=320&amp;crop=smart&amp;auto=webp&amp;s=0fe066e1ddf807abde7ad42aeb3920e8b7ca4563', 'width': 320}, {'height': 640, 'url': 'https://preview.redd.it/zq0hr95786s81.jpg?width=640&amp;crop=smart&amp;auto=webp&amp;s=721e8a145ed5320171630e6313fd829954e6ea4e', 'width': 640}, {'height': 960, 'url': 'https://preview.redd.it/zq0hr95786s81.jpg?width=960&amp;crop=smart&amp;auto=webp&amp;s=85ea2b71a56d4973e9de39a3dcd3dfd585c10384', 'width': 960}], 'source': {'height': 1024, 'url': 'https://preview.redd.it/zq0hr95786s81.jpg?auto=webp&amp;s=c25f311d4f527254856f7b118af43368ab0bfc5a', 'width': 1024}, 'variants': {}}]}",,False,,,1654018829,1654018829,14,,{},,True,False,False,dalle2,t5_66jnlu,r/dalle2,15069,public,,https://b.thumbs.redditmedia.com/M4Fw2__RlSnlfB4nK2OiEiaHbT3hPhJsmqZ3qVXpD4s.jpg,140.0,140.0,A robot showing another robot its painting,,0,[],0.9,https://i.redd.it/zq0hr95786s81.jpg,,,,https://i.redd.it/zq0hr95786s81.jpg,2022-04-07 21:01:00
"[{'award_sub_type': 'GLOBAL', 'award_type': 'global', 'awardings_required_to_grant_benefits': None, 'coin_price': 100, 'coin_reward': 0, 'count': 1, 'days_of_drip_extension': None, 'days_of_premium': None, 'description': ""Shows the Silver Award... and that's it."", 'end_date': None, 'giver_coin_reward': None, 'icon_format': None, 'icon_height': 512, 'icon_url': 'https://www.redditstatic.com/gold/awards/icon/silver_512.png', 'icon_width': 512, 'id': 'gid_1', 'is_enabled': True, 'is_new': False, 'name': 'Silver', 'penny_donate': None, 'penny_price': None, 'resized_icons': [{'height': 16, 'url': 'https://www.redditstatic.com/gold/awards/icon/silver_16.png', 'width': 16}, {'height': 32, 'url': 'https://www.redditstatic.com/gold/awards/icon/silver_32.png', 'width': 32}, {'height': 48, 'url': 'https://www.redditstatic.com/gold/awards/icon/silver_48.png', 'width': 48}, {'height': 64, 'url': 'https://www.redditstatic.com/gold/awards/icon/silver_64.png', 'width': 64}, {'height': 128, 'url': 'https://www.redditstatic.com/gold/awards/icon/silver_128.png', 'width': 128}], 'resized_static_icons': [{'height': 16, 'url': 'https://www.redditstatic.com/gold/awards/icon/silver_16.png', 'width': 16}, {'height': 32, 'url': 'https://www.redditstatic.com/gold/awards/icon/silver_32.png', 'width': 32}, {'height': 48, 'url': 'https://www.redditstatic.com/gold/awards/icon/silver_48.png', 'width': 48}, {'height': 64, 'url': 'https://www.redditstatic.com/gold/awards/icon/silver_64.png', 'width': 64}, {'height': 128, 'url': 'https://www.redditstatic.com/gold/awards/icon/silver_128.png', 'width': 128}], 'start_date': None, 'static_icon_height': 512, 'static_icon_url': 'https://www.redditstatic.com/gold/awards/icon/silver_512.png', 'static_icon_width': 512, 'subreddit_coin_reward': 0, 'subreddit_id': None, 'tiers_by_required_awardings': None}]",False,False,cench,1348786101.0,,,[],,,,text,t2_958jc,False,False,[],,True,False,,,False,1649365477,,,i.redd.it,False,0,{'gid_1': 1},False,False,tymtdw,False,True,False,False,True,True,False,False,,,[],,dark,text,False,,{},False,t3_tymtdw,False,6,0,False,,/r/dalle2/comments/tymtdw/a_raccoon_wearing_a_hoodie_working_on_his_laptop/,False,image,"{'enabled': True, 'images': [{'id': 'gVfNoSVx2BqIEx4_AYoiWK50pVrk8-TzkWEG6jBwnNA', 'resolutions': [{'height': 108, 'url': 'https://preview.redd.it/lm85yz5u86s81.jpg?width=108&amp;crop=smart&amp;auto=webp&amp;s=2e07e5c787dbd68f06f1550f630aa54ea255cd94', 'width': 108}, {'height': 216, 'url': 'https://preview.redd.it/lm85yz5u86s81.jpg?width=216&amp;crop=smart&amp;auto=webp&amp;s=6f48ba68422d8a4e87a1a3eaa2893056ce5e8bc0', 'width': 216}, {'height': 320, 'url': 'https://preview.redd.it/lm85yz5u86s81.jpg?width=320&amp;crop=smart&amp;auto=webp&amp;s=f052fe683ea06d2b7275c3dae44b6221e48a85c4', 'width': 320}, {'height': 640, 'url': 'https://preview.redd.it/lm85yz5u86s81.jpg?width=640&amp;crop=smart&amp;auto=webp&amp;s=54e54c25155910eeb2836e0aff407e622947a02e', 'width': 640}, {'height': 960, 'url': 'https://preview.redd.it/lm85yz5u86s81.jpg?width=960&amp;crop=smart&amp;auto=webp&amp;s=5b40a2804cf63d79334e7abfab7b2dca43d2537d', 'width': 960}], 'source': {'height': 1024, 'url': 'https://preview.redd.it/lm85yz5u86s81.jpg?auto=webp&amp;s=7b621078aa71864f9a1c6d914210e1bf66be5021', 'width': 1024}, 'variants': {}}]}",,False,,,1654018824,1654018824,68,,{},,True,False,False,dalle2,t5_66jnlu,r/dalle2,15069,public,,https://b.thumbs.redditmedia.com/NiVQA8Rm85skFbR84AdtNPdsYo25PlAXO0QqKJtY7vs.jpg,140.0,140.0,a raccoon wearing a hoodie working on his laptop late into the night in los angeles making a 'yes' as he realizes his latest book is an Audible best seller,,1,[],0.99,https://i.redd.it/lm85yz5u86s81.jpg,,,,https://i.redd.it/lm85yz5u86s81.jpg,2022-04-07 21:04:37
