score,edited,quarantine,stickied,from_id,url,secure_media,from_kind,subreddit_id,created,is_self,from,author,gilded,link_flair_css_class,name,archived,id,author_flair_css_class,num_comments,saved,over_18,ups,retrieved_on,selftext,media,link_flair_text,permalink,title,secure_media_embed,downs,thumbnail,distinguished,domain,hide_score,created_utc,author_flair_text,media_embed,subreddit,created_dt
2,False,False,False,,http://www.iro.umontreal.ca/~bengioy/DLbook/,,,t5_2t5eh,1408897386,False,,[deleted],0,,t3_2eg5yn,True,2eg5yn,,0,False,False,2,1441204308,,,,/r/deeplearning/comments/2eg5yn/deep_learning_an_mit_press_book_in_preparation_by/,"DEEP LEARNING: An MIT Press book in preparation by Yoshua Bengio, Ian Goodfellow and Aaron Courville",{},0,default,,iro.umontreal.ca,False,1408893786,,{},deeplearning,2014-08-24 15:23:06
3,False,False,False,,https://plus.google.com/+YoshuaBengio/posts/GJY53aahqS8,,,t5_2t5eh,1409184464,False,,vikkamath,0,,t3_2ers4y,True,2ers4y,,0,False,False,3,1441198830,,,,/r/deeplearning/comments/2ers4y/yoshua_bengios_comments_on_the_current_state_of/,Yoshua Bengio's comments on the current state of Deep Learning,{},0,http://a.thumbs.redditmedia.com/zL2LmeqoqXuy1uLK4ZJ5ay50-vwrF8tTTaTSeqceiD4.jpg,,plus.google.com,False,1409180864,,{},deeplearning,2014-08-27 23:07:44
1,False,False,False,,http://www.reddit.com/r/deeplearning/comments/2i7nut/this_is_a_test_nwm_please/,,,t5_2t5eh,1412366134,True,,[deleted],0,,t3_2i7nut,True,2i7nut,,0,False,False,1,1441140426,sorry,,,/r/deeplearning/comments/2i7nut/this_is_a_test_nwm_please/,this is a test NWM please,{},0,default,,self.deeplearning,False,1412362534,,{},deeplearning,2014-10-03 18:55:34
3,False,False,False,,http://deeplearning.net/tutorial/deeplearning.pdf,,,t5_2t5eh,1414119430,False,,kendrick90,0,,t3_2k5oq8,True,2k5oq8,,0,False,False,3,1441107321,,,,/r/deeplearning/comments/2k5oq8/new_theano_deep_learning_tutorial_book/,New Theano Deep Learning Tutorial Book,{},0,default,,deeplearning.net,False,1414115830,,{},deeplearning,2014-10-24 01:57:10
1,False,False,False,,https://www.youtube.com/watch?v=czLI3oLDe8M,"{'oembed': {'thumbnail_height': 360, 'author_url': 'http://www.youtube.com/user/vlabvideos', 'type': 'video', 'url': 'http://www.youtube.com/watch?v=czLI3oLDe8M', 'version': '1.0', 'html': '&lt;iframe class=""embedly-embed"" src=""https://cdn.embedly.com/widgets/media.html?src=https%3A%2F%2Fwww.youtube.com%2Fembed%2FczLI3oLDe8M%3Ffeature%3Doembed&amp;url=https%3A%2F%2Fwww.youtube.com%2Fwatch%3Fv%3DczLI3oLDe8M&amp;image=http%3A%2F%2Fi.ytimg.com%2Fvi%2FczLI3oLDe8M%2Fhqdefault.jpg&amp;key=2aa3c4d5f3de4f5b9120b660ad850dc9&amp;type=text%2Fhtml&amp;schema=youtube"" width=""600"" height=""338"" scrolling=""no"" frameborder=""0"" allowfullscreen&gt;&lt;/iframe&gt;', 'height': 338, 'author_name': 'vlabvideos', 'provider_url': 'http://www.youtube.com/', 'provider_name': 'YouTube', 'description': 'Deep Learning: Intelligence from Big Data Tue Sep 16, 2014 6:00 pm - 8:30 pm Stanford Graduate School of Business Knight Management Center - Cemex Auditorium 641 Knight Way, Stanford, CA A machine learning approach inspired by the human brain, Deep Learning is taking many industries by storm.', 'thumbnail_width': 480, 'thumbnail_url': 'https://i.embed.ly/1/image?url=http%3A%2F%2Fi.ytimg.com%2Fvi%2FczLI3oLDe8M%2Fhqdefault.jpg&amp;key=b1e305db91cf4aa5a86b732cc9fffceb', 'width': 600, 'title': 'Deep Learning: Intelligence from Big Data'}, 'type': 'youtube.com'}",,t5_2t5eh,1418344456,False,,geppelle,0,,t3_2p128t,True,2p128t,,0,False,False,1,1441024506,,"{'type': 'youtube.com', 'oembed': {'thumbnail_url': 'http://i.ytimg.com/vi/czLI3oLDe8M/hqdefault.jpg', 'width': 600, 'title': 'Deep Learning: Intelligence from Big Data', 'description': 'Deep Learning: Intelligence from Big Data Tue Sep 16, 2014 6:00 pm - 8:30 pm Stanford Graduate School of Business Knight Management Center - Cemex Auditorium 641 Knight Way, Stanford, CA A machine learning approach inspired by the human brain, Deep Learning is taking many industries by storm.', 'thumbnail_width': 480, 'provider_url': 'http://www.youtube.com/', 'provider_name': 'YouTube', 'height': 338, 'author_name': 'vlabvideos', 'version': '1.0', 'html': '&lt;iframe class=""embedly-embed"" src=""//cdn.embedly.com/widgets/media.html?src=http%3A%2F%2Fwww.youtube.com%2Fembed%2FczLI3oLDe8M%3Ffeature%3Doembed&amp;url=https%3A%2F%2Fwww.youtube.com%2Fwatch%3Fv%3DczLI3oLDe8M&amp;image=http%3A%2F%2Fi.ytimg.com%2Fvi%2FczLI3oLDe8M%2Fhqdefault.jpg&amp;key=2aa3c4d5f3de4f5b9120b660ad850dc9&amp;type=text%2Fhtml&amp;schema=youtube"" width=""600"" height=""338"" scrolling=""no"" frameborder=""0"" allowfullscreen&gt;&lt;/iframe&gt;', 'author_url': 'http://www.youtube.com/user/vlabvideos', 'type': 'video', 'url': 'http://www.youtube.com/watch?v=czLI3oLDe8M', 'thumbnail_height': 360}}",,/r/deeplearning/comments/2p128t/introduction_to_deep_learning_for_big_data_and/,Introduction to Deep Learning for Big Data and talks,"{'scrolling': False, 'width': 600, 'height': 338, 'content': '&lt;iframe class=""embedly-embed"" src=""https://cdn.embedly.com/widgets/media.html?src=https%3A%2F%2Fwww.youtube.com%2Fembed%2FczLI3oLDe8M%3Ffeature%3Doembed&amp;url=https%3A%2F%2Fwww.youtube.com%2Fwatch%3Fv%3DczLI3oLDe8M&amp;image=http%3A%2F%2Fi.ytimg.com%2Fvi%2FczLI3oLDe8M%2Fhqdefault.jpg&amp;key=2aa3c4d5f3de4f5b9120b660ad850dc9&amp;type=text%2Fhtml&amp;schema=youtube"" width=""600"" height=""338"" scrolling=""no"" frameborder=""0"" allowfullscreen&gt;&lt;/iframe&gt;'}",0,default,,youtube.com,False,1418344456,,"{'height': 338, 'width': 600, 'content': '&lt;iframe class=""embedly-embed"" src=""//cdn.embedly.com/widgets/media.html?src=http%3A%2F%2Fwww.youtube.com%2Fembed%2FczLI3oLDe8M%3Ffeature%3Doembed&amp;url=https%3A%2F%2Fwww.youtube.com%2Fwatch%3Fv%3DczLI3oLDe8M&amp;image=http%3A%2F%2Fi.ytimg.com%2Fvi%2FczLI3oLDe8M%2Fhqdefault.jpg&amp;key=2aa3c4d5f3de4f5b9120b660ad850dc9&amp;type=text%2Fhtml&amp;schema=youtube"" width=""600"" height=""338"" scrolling=""no"" frameborder=""0"" allowfullscreen&gt;&lt;/iframe&gt;', 'scrolling': False}",deeplearning,2014-12-12 00:34:16
8,False,False,False,,https://www.youtube.com/watch?v=t4kyRyKyOpo,"{'oembed': {'author_url': 'http://www.youtube.com/user/TEDtalksDirector', 'type': 'video', 'url': 'http://www.youtube.com/watch?v=t4kyRyKyOpo', 'thumbnail_height': 360, 'height': 338, 'author_name': 'TED', 'version': '1.0', 'html': '&lt;iframe class=""embedly-embed"" src=""https://cdn.embedly.com/widgets/media.html?src=https%3A%2F%2Fwww.youtube.com%2Fembed%2Ft4kyRyKyOpo%3Ffeature%3Doembed&amp;url=https%3A%2F%2Fwww.youtube.com%2Fwatch%3Fv%3Dt4kyRyKyOpo&amp;image=http%3A%2F%2Fi.ytimg.com%2Fvi%2Ft4kyRyKyOpo%2Fhqdefault.jpg&amp;key=2aa3c4d5f3de4f5b9120b660ad850dc9&amp;type=text%2Fhtml&amp;schema=youtube"" width=""600"" height=""338"" scrolling=""no"" frameborder=""0"" allowfullscreen&gt;&lt;/iframe&gt;', 'provider_name': 'YouTube', 'provider_url': 'http://www.youtube.com/', 'thumbnail_url': 'https://i.embed.ly/1/image?url=http%3A%2F%2Fi.ytimg.com%2Fvi%2Ft4kyRyKyOpo%2Fhqdefault.jpg&amp;key=b1e305db91cf4aa5a86b732cc9fffceb', 'width': 600, 'title': 'Jeremy Howard: The wonderful and terrifying implications of computers that can learn', 'description': 'What happens when we teach a computer how to learn? Technologist Jeremy Howard shares some surprising new developments in the fast-moving field of deep learning, a technique that can give computers the ability to learn Chinese, or to recognize objects in photos, or to help think through a medical diagnosis.', 'thumbnail_width': 480}, 'type': 'youtube.com'}",,t5_2t5eh,1418828283,False,,CaptainHoek,0,,t3_2pkwid,True,2pkwid,,0,False,False,8,1441015070,,"{'type': 'youtube.com', 'oembed': {'provider_name': 'YouTube', 'provider_url': 'http://www.youtube.com/', 'title': 'Jeremy Howard: The wonderful and terrifying implications of computers that can learn', 'width': 600, 'thumbnail_url': 'http://i.ytimg.com/vi/t4kyRyKyOpo/hqdefault.jpg', 'thumbnail_width': 480, 'description': 'What happens when we teach a computer how to learn? Technologist Jeremy Howard shares some surprising new developments in the fast-moving field of deep learning, a technique that can give computers the ability to learn Chinese, or to recognize objects in photos, or to help think through a medical diagnosis.', 'type': 'video', 'url': 'http://www.youtube.com/watch?v=t4kyRyKyOpo', 'author_url': 'http://www.youtube.com/user/TEDtalksDirector', 'thumbnail_height': 360, 'author_name': 'TED', 'height': 338, 'html': '&lt;iframe class=""embedly-embed"" src=""//cdn.embedly.com/widgets/media.html?src=http%3A%2F%2Fwww.youtube.com%2Fembed%2Ft4kyRyKyOpo%3Ffeature%3Doembed&amp;url=https%3A%2F%2Fwww.youtube.com%2Fwatch%3Fv%3Dt4kyRyKyOpo&amp;image=http%3A%2F%2Fi.ytimg.com%2Fvi%2Ft4kyRyKyOpo%2Fhqdefault.jpg&amp;key=2aa3c4d5f3de4f5b9120b660ad850dc9&amp;type=text%2Fhtml&amp;schema=youtube"" width=""600"" height=""338"" scrolling=""no"" frameborder=""0"" allowfullscreen&gt;&lt;/iframe&gt;', 'version': '1.0'}}",,/r/deeplearning/comments/2pkwid/jeremy_howard_the_wonderful_and_terrifying/,Jeremy Howard: The wonderful and terrifying implications of computers that can learn,"{'scrolling': False, 'content': '&lt;iframe class=""embedly-embed"" src=""https://cdn.embedly.com/widgets/media.html?src=https%3A%2F%2Fwww.youtube.com%2Fembed%2Ft4kyRyKyOpo%3Ffeature%3Doembed&amp;url=https%3A%2F%2Fwww.youtube.com%2Fwatch%3Fv%3Dt4kyRyKyOpo&amp;image=http%3A%2F%2Fi.ytimg.com%2Fvi%2Ft4kyRyKyOpo%2Fhqdefault.jpg&amp;key=2aa3c4d5f3de4f5b9120b660ad850dc9&amp;type=text%2Fhtml&amp;schema=youtube"" width=""600"" height=""338"" scrolling=""no"" frameborder=""0"" allowfullscreen&gt;&lt;/iframe&gt;', 'height': 338, 'width': 600}",0,http://b.thumbs.redditmedia.com/6XkGwxkmDq5zAHg4aW_KGIGiYNoRgLBvbyX3cvbvg2o.jpg,,youtube.com,False,1418828283,,"{'scrolling': False, 'content': '&lt;iframe class=""embedly-embed"" src=""//cdn.embedly.com/widgets/media.html?src=http%3A%2F%2Fwww.youtube.com%2Fembed%2Ft4kyRyKyOpo%3Ffeature%3Doembed&amp;url=https%3A%2F%2Fwww.youtube.com%2Fwatch%3Fv%3Dt4kyRyKyOpo&amp;image=http%3A%2F%2Fi.ytimg.com%2Fvi%2Ft4kyRyKyOpo%2Fhqdefault.jpg&amp;key=2aa3c4d5f3de4f5b9120b660ad850dc9&amp;type=text%2Fhtml&amp;schema=youtube"" width=""600"" height=""338"" scrolling=""no"" frameborder=""0"" allowfullscreen&gt;&lt;/iframe&gt;', 'height': 338, 'width': 600}",deeplearning,2014-12-17 14:58:03
5,False,False,False,,https://medium.com/backchannel/google-search-will-be-your-next-brain-5207c26e4523,,,t5_2t5eh,1421588824,False,,jonfla,0,,t3_2stvgu,True,2stvgu,,0,False,False,5,1440959741,,,,/r/deeplearning/comments/2stvgu/google_search_wants_to_be_your_next_brain/,Google search wants to be your next brain,{},0,http://b.thumbs.redditmedia.com/12vZK_mPS79cpw3rMchMjxoLSEha_fqgiMcTK2SQ8SM.jpg,,medium.com,False,1421588824,,{},deeplearning,2015-01-18 13:47:04
2,False,False,False,,http://www.reddit.com/r/deeplearning/comments/2x802k/wouldnt_it_be_clever_to_feed_deep_learning/,,,t5_2t5eh,1424948249,True,,Morex2000,0,,t3_2x802k,True,2x802k,,2,False,False,2,1440885003,"I was cutting some audio books to find interesting quotes the other day, and wondered if those audio books wouldn't be the perfect datasets to feed deep learning algorhythms. I thought one would just have to feed them the audiobooks and the equivalent text files, to teach the algorhythm how words sound. There is literally 10s of thousands of hours of perfectly intonated and pronounced audio material and each of those is perfectly written down.
Anybody got some intel on that thought?",,,/r/deeplearning/comments/2x802k/wouldnt_it_be_clever_to_feed_deep_learning/,"Wouldn't it be clever to feed deep learning algorhythms audio books and their text equivalent to teach them language, or has this been done already?",{},0,self,,self.deeplearning,False,1424948249,,{},deeplearning,2015-02-26 10:57:29
9,False,False,False,,https://timdettmers.wordpress.com/2015/03/09/deep-learning-hardware-guide/,,,t5_2t5eh,1425928412,False,,RockDiesel,0,,t3_2ygrg1,False,2ygrg1,,0,False,False,9,1440863917,,,,/r/deeplearning/comments/2ygrg1/a_full_hardware_guide_to_deep_learning/,A Full Hardware Guide to Deep Learning,{},0,http://b.thumbs.redditmedia.com/MnfEY7oIqvRMfjst733BiQAVvhdFuFMa_eAqfB86pdk.jpg,,timdettmers.wordpress.com,False,1425924812,,{},deeplearning,2015-03-09 18:13:32
1,False,False,False,,http://datasciencereport.com/2015/03/13/edu-video-introduction-to-deep-learning-class-videos/#.VQMRbThdEL8.reddit,,,t5_2t5eh,1426268040,False,,Friars1993,0,,t3_2yxak9,False,2yxak9,,0,False,False,1,1440856082,,,,/r/deeplearning/comments/2yxak9/eduvideo_introduction_to_deep_learning_class/,Edu-Video | Introduction to Deep Learning (Class Videos),{},0,default,,datasciencereport.com,False,1426264440,,{},deeplearning,2015-03-13 16:34:00
