archived,author,author_flair_background_color,author_flair_css_class,author_flair_richtext,author_flair_text,author_flair_text_color,author_flair_type,brand_safe,can_gild,contest_mode,created_utc,distinguished,domain,edited,gilded,hidden,hide_score,id,is_crosspostable,is_reddit_media_domain,is_self,is_video,link_flair_css_class,link_flair_richtext,link_flair_text,link_flair_text_color,link_flair_type,locked,media,media_embed,no_follow,num_comments,num_crossposts,over_18,parent_whitelist_status,permalink,retrieved_on,rte_mode,score,secure_media,secure_media_embed,selftext,send_replies,spoiler,stickied,subreddit,subreddit_id,subreddit_name_prefixed,subreddit_type,suggested_sort,thumbnail,title,url,whitelist_status,thumbnail_height,thumbnail_width,created_dt
True,kunjaan,,,[],,,text,True,True,False,1248878116,,blog.rgrossman.com,False,0,False,False,95nji,True,False,False,False,,[],,dark,text,False,,{},False,0,0,False,all_ads,/r/MachineLearning/comments/95nji/three_lessons_in_analytic_strategy_from_the/,1522810669,markdown,8,,{},,True,False,False,MachineLearning,t5_2r3gv,r/MachineLearning,public,,,"Three Lessons in Analytic Strategy 
from the Netflix Prize",http://blog.rgrossman.com/2009/07/05/three-lessons-in-analytic-strategy-from-the-netflix-prize/,all_ads,,,2009-07-29 14:35:16
True,Transmetropolitan,,,[],,,text,True,True,False,1248879557,,en.wikipedia.org,False,0,False,False,95nth,True,False,False,False,,[],,dark,text,False,,{},False,13,0,False,all_ads,/r/MachineLearning/comments/95nth/preferred_data_mining_software/,1522810673,markdown,11,,{},,True,False,False,MachineLearning,t5_2r3gv,r/MachineLearning,public,,,Preferred Data Mining Software?,http://en.wikipedia.org/wiki/Statistics_software,all_ads,,,2009-07-29 14:59:17
True,kunjaan,,,[],,,text,True,True,False,1248881238,moderator,cs.cmu.edu,False,0,False,False,95o59,True,False,False,False,,[],,dark,text,False,,{},False,0,0,False,all_ads,/r/MachineLearning/comments/95o59/tom_mitchell_on_learning_a_good_rationale_for/,1522810680,markdown,15,,{},,True,False,False,MachineLearning,t5_2r3gv,r/MachineLearning,public,,default,"Tom Mitchell on Learning. A good 
rationale  for this subreddit too.[PDF]",http://www.cs.cmu.edu/~tom/pubs/MachineLearning.pdf,all_ads,,,2009-07-29 15:27:18
True,RShnike,,,[],,,text,True,True,False,1248881818,,academicearth.org,False,0,False,False,95o9l,True,False,False,False,,[],,dark,text,False,,{},False,5,0,False,all_ads,/r/MachineLearning/comments/95o9l/introduction_to_machine_learning_20_lectures/,1522810682,markdown,46,,{},,True,False,False,MachineLearning,t5_2r3gv,r/MachineLearning,public,,,Introduction to Machine Learning (20 Lectures) â€“ Stanford [AE],http://academicearth.org/courses/machine-learning,all_ads,,,2009-07-29 15:36:58
True,kunjaan,,,[],,,text,True,True,False,1248881906,,www-03.ibm.com,False,0,False,False,95oa9,True,False,False,False,,[],,dark,text,False,,{},False,0,0,False,all_ads,/r/MachineLearning/comments/95oa9/ibm_to_acquire_spss_inc_for_12_billion/,1522810682,markdown,3,,{},,True,False,False,MachineLearning,t5_2r3gv,r/MachineLearning,public,,default,"IBM to acquire SPSS Inc. for $1.2 
billion.",http://www-03.ibm.com/press/us/en/pressrelease/27936.wss,all_ads,,,2009-07-29 15:38:26
True,kunjaan,,,[],,,text,True,True,False,1248882806,,videolectures.net,False,0,False,False,95ohd,True,False,False,False,,[],,dark,text,False,,{},False,0,0,False,all_ads,/r/MachineLearning/comments/95ohd/lot_of_talks_on_machine_learning_techniques_and/,1522810687,markdown,6,,{},,True,False,False,MachineLearning,t5_2r3gv,r/MachineLearning,public,,default,"Lot of talks on Machine Learning 
techniques and Learning Theory from 
leading experts.",http://videolectures.net/Top/Computer_Science/Machine_Learning/,all_ads,,,2009-07-29 15:53:26
True,kunjaan,,,[],,,text,True,True,False,1248884201,,eprints.org,False,0,False,False,95or6,True,False,False,False,,[],,dark,text,False,,{},True,0,0,False,all_ads,/r/MachineLearning/comments/95or6/research_on_a_game_based_approach_to_label/,1522810693,markdown,1,,{},,True,False,False,MachineLearning,t5_2r3gv,r/MachineLearning,public,,,"Research on a Game Based Approach 
to Label Geographical Relevance to 
Web Images",http://www2009.eprints.org/82/,all_ads,,,2009-07-29 16:16:41
True,vpetro,,,[],,,text,True,True,False,1248884332,,lifeanalytics.blogspot.com,False,0,False,False,95os4,True,False,False,False,,[],,dark,text,False,,{},False,0,0,False,all_ads,/r/MachineLearning/comments/95os4/predicting_the_next_viral_tweet/,1522810693,markdown,4,,{},,True,False,False,MachineLearning,t5_2r3gv,r/MachineLearning,public,,,Predicting the next viral tweet.,http://lifeanalytics.blogspot.com/2009/06/predicting-next-viral-tweet.html,all_ads,,,2009-07-29 16:18:52
True,[deleted],,,,,dark,,True,False,False,1248884482,,www2009.org,False,0,False,False,95otb,False,False,False,False,,[],,dark,text,False,,{},True,0,0,False,all_ads,/r/MachineLearning/comments/95otb/statsnowballa_framework_for_relation_extractionpdf/,1522810693,markdown,1,,{},[deleted],True,False,False,MachineLearning,t5_2r3gv,r/MachineLearning,public,,default,"StatSnowball,a framework for relation 
extraction[PDF]",http://www2009.org/proceedings/pdf/p101.pdf,all_ads,,,2009-07-29 16:21:22
True,[deleted],,,,,dark,,True,False,False,1248884540,,www2009.org,False,0,False,False,95ots,False,False,False,False,,[],,dark,text,False,,{},True,0,0,False,all_ads,/r/MachineLearning/comments/95ots/statsnowball_a_new_framework_for_relationship/,1522810693,markdown,1,,{},[deleted],True,False,False,MachineLearning,t5_2r3gv,r/MachineLearning,public,,default,"StatSnowball- a new framework for 
Relationship extraction.",http://www2009.org/proceedings/pdf/p101.pdf,all_ads,,,2009-07-29 16:22:20
