archived,author,author_flair_css_class,author_flair_text,brand_safe,contest_mode,created_utc,distinguished,domain,edited,gilded,hidden,hide_score,id,is_crosspostable,is_reddit_media_domain,is_self,is_video,link_flair_css_class,link_flair_text,locked,media,media_embed,num_comments,num_crossposts,over_18,parent_whitelist_status,permalink,pinned,post_hint,preview,retrieved_on,score,secure_media,secure_media_embed,selftext,spoiler,stickied,subreddit,subreddit_id,subreddit_type,suggested_sort,thumbnail,thumbnail_height,thumbnail_width,title,url,whitelist_status,created_dt
False,Yuli-Ban,,,False,False,1517058744,,reddit.com,False,0,False,False,7tcmft,False,False,False,False,,,False,,{},0,0,False,,/r/MediaSynthesis/comments/7tcmft/media_synthesis_and_personalized_content_my/,False,link,"{'enabled': False, 'images': [{'id': '0qqGLABvqiANphVtLYNtuRpQmnHvgIwp1cHuZAZJDmM', 'resolutions': [{'height': 60, 'url': 'https://i.redditmedia.com/TXTt3ClyCsUUT0KW9g62s6-c10prFVWDEGrki65xlqc.jpg?fit=crop&amp;crop=faces%2Centropy&amp;arh=2&amp;w=108&amp;fm=jpg&amp;s=5ead4df3b44dd5c651f0d7af18310f5c', 'width': 108}, {'height': 121, 'url': 'https://i.redditmedia.com/TXTt3ClyCsUUT0KW9g62s6-c10prFVWDEGrki65xlqc.jpg?fit=crop&amp;crop=faces%2Centropy&amp;arh=2&amp;w=216&amp;fm=jpg&amp;s=3f25a80b2362390e5a2bcbedbe9e4458', 'width': 216}, {'height': 180, 'url': 'https://i.redditmedia.com/TXTt3ClyCsUUT0KW9g62s6-c10prFVWDEGrki65xlqc.jpg?fit=crop&amp;crop=faces%2Centropy&amp;arh=2&amp;w=320&amp;fm=jpg&amp;s=9d61d55a788c3e0780f9bf6fe4814ea2', 'width': 320}], 'source': {'height': 180, 'url': 'https://i.redditmedia.com/TXTt3ClyCsUUT0KW9g62s6-c10prFVWDEGrki65xlqc.jpg?fm=jpg&amp;s=f090f0308a9010a2c429fe279bcb51bd', 'width': 320}, 'variants': {}}]}",1518591087,7,,{},,False,True,MediaSynthesis,t5_f2bje,public,,https://b.thumbs.redditmedia.com/o5NLD51kgyEHsVIwCS0yJbKmKO62RzkNoIw4HDYPAfY.jpg,78.0,140.0,Media synthesis and personalized content: my epiphany on GANs [x-post from r/artificial],https://www.reddit.com/r/artificial/comments/7lwrep/media_synthesis_and_personalized_content_my/,,2018-01-27 13:12:24
False,[deleted],,,False,False,1517058948,,i.imgur.com,False,0,False,False,7tcmxy,False,False,False,False,,,False,,{},0,0,False,,/r/MediaSynthesis/comments/7tcmxy/semantic_style_transfer_turns_microsoft_paint/,False,,,1518591093,1,,{},[deleted],False,False,MediaSynthesis,t5_f2bje,public,,default,78.0,140.0,Semantic Style Transfer Turns Microsoft Paint Sketch Into Fine Art,https://i.imgur.com/9LF0O0c.gifv,,2018-01-27 13:15:48
False,Yuli-Ban,,,False,False,1517059061,,scientificamerican.com,False,0,False,False,7tcn82,False,False,False,False,,,False,,{},0,0,False,,/r/MediaSynthesis/comments/7tcn82/new_ai_tech_can_mimic_any_voice/,False,link,"{'enabled': False, 'images': [{'id': 'C9Ipcix3UL2l88HPL1n0i8tzvRceOa_raPHlrs9JMW0', 'resolutions': [{'height': 60, 'url': 'https://i.redditmedia.com/fKirNQ0opoAiSOf0iuOW-_oSRgNaWRNxyCkVfEiva38.jpg?fit=crop&amp;crop=faces%2Centropy&amp;arh=2&amp;w=108&amp;fm=jpg&amp;s=7706b54997e2835edc1f77dd9b885f9d', 'width': 108}, {'height': 120, 'url': 'https://i.redditmedia.com/fKirNQ0opoAiSOf0iuOW-_oSRgNaWRNxyCkVfEiva38.jpg?fit=crop&amp;crop=faces%2Centropy&amp;arh=2&amp;w=216&amp;fm=jpg&amp;s=bd7e9b1c80f508f611f227c61218add3', 'width': 216}, {'height': 178, 'url': 'https://i.redditmedia.com/fKirNQ0opoAiSOf0iuOW-_oSRgNaWRNxyCkVfEiva38.jpg?fit=crop&amp;crop=faces%2Centropy&amp;arh=2&amp;w=320&amp;fm=jpg&amp;s=6728ef4f302b22ff58ddb5935052073f', 'width': 320}], 'source': {'height': 335, 'url': 'https://i.redditmedia.com/fKirNQ0opoAiSOf0iuOW-_oSRgNaWRNxyCkVfEiva38.jpg?fm=jpg&amp;s=47d821ae5bc45d46b7b5836fc8cb5b22', 'width': 600}, 'variants': {}}]}",1518591097,2,,{},,False,False,MediaSynthesis,t5_f2bje,public,,https://b.thumbs.redditmedia.com/My8MsYL0ofX6Xy7cNtIXAFUQoOUQh2hQVIL3HE28nHg.jpg,78.0,140.0,New AI Tech Can Mimic Any Voice,https://www.scientificamerican.com/article/new-ai-tech-can-mimic-any-voice/,,2018-01-27 13:17:41
False,Yuli-Ban,,,False,False,1517059194,,motherboard.vice.com,False,0,False,False,7tcnli,False,False,False,False,,,False,,{},0,0,True,,/r/MediaSynthesis/comments/7tcnli/aiassisted_fake_porn_is_incredibly_easy_now_with/,False,,,1518591103,3,,{},,False,False,MediaSynthesis,t5_f2bje,public,,nsfw,,,AI-assisted fake porn is incredibly easy now with an app,https://motherboard.vice.com/en_us/article/bjye8a/reddit-fake-porn-app-daisy-ridl,,2018-01-27 13:19:54
False,Yuli-Ban,,,False,False,1517059248,,engadget.com,False,0,False,False,7tcnr8,False,False,False,False,,,False,,{},0,0,False,,/r/MediaSynthesis/comments/7tcnr8/microsoft_ai_can_draw_objects_based_on_detailed/,False,link,"{'enabled': False, 'images': [{'id': '7mo-ws1_3-S6ks6EiTGxMnO1ToZJGpgNv_r1cGuwo5M', 'resolutions': [{'height': 56, 'url': 'https://i.redditmedia.com/Q3o3_4GJE_ECtQwyTM8z4uGy4OW8BZUn-kVfYgfqE0g.jpg?fit=crop&amp;crop=faces%2Centropy&amp;arh=2&amp;w=108&amp;fm=jpg&amp;s=b01194e1f875fb7879927f536921c468', 'width': 108}, {'height': 113, 'url': 'https://i.redditmedia.com/Q3o3_4GJE_ECtQwyTM8z4uGy4OW8BZUn-kVfYgfqE0g.jpg?fit=crop&amp;crop=faces%2Centropy&amp;arh=2&amp;w=216&amp;fm=jpg&amp;s=5ae33cc68ecbc7e3c24d1a4fbe6f7ff8', 'width': 216}, {'height': 168, 'url': 'https://i.redditmedia.com/Q3o3_4GJE_ECtQwyTM8z4uGy4OW8BZUn-kVfYgfqE0g.jpg?fit=crop&amp;crop=faces%2Centropy&amp;arh=2&amp;w=320&amp;fm=jpg&amp;s=fd6b86cb25b5dd0263e56bd0457f270d', 'width': 320}, {'height': 336, 'url': 'https://i.redditmedia.com/Q3o3_4GJE_ECtQwyTM8z4uGy4OW8BZUn-kVfYgfqE0g.jpg?fit=crop&amp;crop=faces%2Centropy&amp;arh=2&amp;w=640&amp;fm=jpg&amp;s=ee900a643879b8e06f6574b1c6bd5767', 'width': 640}, {'height': 504, 'url': 'https://i.redditmedia.com/Q3o3_4GJE_ECtQwyTM8z4uGy4OW8BZUn-kVfYgfqE0g.jpg?fit=crop&amp;crop=faces%2Centropy&amp;arh=2&amp;w=960&amp;fm=jpg&amp;s=979dfd9d324f4e840b1dc1b11cecf518', 'width': 960}, {'height': 567, 'url': 'https://i.redditmedia.com/Q3o3_4GJE_ECtQwyTM8z4uGy4OW8BZUn-kVfYgfqE0g.jpg?fit=crop&amp;crop=faces%2Centropy&amp;arh=2&amp;w=1080&amp;fm=jpg&amp;s=181e0d7d5f24d58eabbc5366b605f1fa', 'width': 1080}], 'source': {'height': 630, 'url': 'https://i.redditmedia.com/Q3o3_4GJE_ECtQwyTM8z4uGy4OW8BZUn-kVfYgfqE0g.jpg?fm=jpg&amp;s=7a13de9d42bf0a1e26111bca8ee1a699', 'width': 1200}, 'variants': {}}]}",1518591105,6,,{},,False,False,MediaSynthesis,t5_f2bje,public,,https://b.thumbs.redditmedia.com/haY3N1Y_2mhPLqI_Us_BXgmRD5MuFYw4rv2hFu9XWJg.jpg,73.0,140.0,Microsoft AI can draw objects based on detailed text descriptions,https://www.engadget.com/2018/01/18/microsoft-ai-draws-images-from-detailed-text/,,2018-01-27 13:20:48
False,Yuli-Ban,,,False,False,1517059333,,youtube.com,False,0,False,False,7tcny3,False,False,False,False,,,False,"{'oembed': {'author_name': 'Siraj Raval', 'author_url': 'https://www.youtube.com/channel/UCWN3xxRkmTPmbKwht9FuE5A', 'height': 338, 'html': '&lt;iframe width=""600"" height=""338"" src=""https://www.youtube.com/embed/yz6dNf7X7SA?feature=oembed&amp;enablejsapi=1"" frameborder=""0"" allow=""autoplay; encrypted-media"" allowfullscreen&gt;&lt;/iframe&gt;', 'provider_name': 'YouTube', 'provider_url': 'https://www.youtube.com/', 'thumbnail_height': 360, 'thumbnail_url': 'https://i.ytimg.com/vi/yz6dNf7X7SA/hqdefault.jpg', 'thumbnail_width': 480, 'title': 'Generating Pokemon with a Generative Adversarial Network', 'type': 'video', 'version': '1.0', 'width': 600}, 'type': 'youtube.com'}","{'content': '&lt;iframe width=""600"" height=""338"" src=""https://www.youtube.com/embed/yz6dNf7X7SA?feature=oembed&amp;enablejsapi=1"" frameborder=""0"" allow=""autoplay; encrypted-media"" allowfullscreen&gt;&lt;/iframe&gt;', 'height': 338, 'scrolling': False, 'width': 600}",0,0,False,,/r/MediaSynthesis/comments/7tcny3/generating_pokemon_with_a_generative_adversarial/,False,rich:video,"{'enabled': False, 'images': [{'id': 'c5S9emBOHKE5c8taSK-s6etYrHEquPbJxvBkvk31PBc', 'resolutions': [{'height': 81, 'url': 'https://i.redditmedia.com/Fyzcdy5yZ6iiURAwRA9oPLRHhi7LDEwJF3xdlbp4RzY.jpg?fit=crop&amp;crop=faces%2Centropy&amp;arh=2&amp;w=108&amp;fm=jpg&amp;s=d2340c9e00f3c69cba6d11d72f2dd403', 'width': 108}, {'height': 162, 'url': 'https://i.redditmedia.com/Fyzcdy5yZ6iiURAwRA9oPLRHhi7LDEwJF3xdlbp4RzY.jpg?fit=crop&amp;crop=faces%2Centropy&amp;arh=2&amp;w=216&amp;fm=jpg&amp;s=99fa41a1c3308f8519b38b70d53706cd', 'width': 216}, {'height': 240, 'url': 'https://i.redditmedia.com/Fyzcdy5yZ6iiURAwRA9oPLRHhi7LDEwJF3xdlbp4RzY.jpg?fit=crop&amp;crop=faces%2Centropy&amp;arh=2&amp;w=320&amp;fm=jpg&amp;s=f92a7164eaf5a523025e4fdd563b5ee6', 'width': 320}], 'source': {'height': 360, 'url': 'https://i.redditmedia.com/Fyzcdy5yZ6iiURAwRA9oPLRHhi7LDEwJF3xdlbp4RzY.jpg?fm=jpg&amp;s=161f09b0a1f20b7d676fc7f7e2f65958', 'width': 480}, 'variants': {}}]}",1518591107,4,"{'oembed': {'author_name': 'Siraj Raval', 'author_url': 'https://www.youtube.com/channel/UCWN3xxRkmTPmbKwht9FuE5A', 'height': 338, 'html': '&lt;iframe width=""600"" height=""338"" src=""https://www.youtube.com/embed/yz6dNf7X7SA?feature=oembed&amp;enablejsapi=1&amp;enablejsapi=1"" frameborder=""0"" allow=""autoplay; encrypted-media"" allowfullscreen&gt;&lt;/iframe&gt;', 'provider_name': 'YouTube', 'provider_url': 'https://www.youtube.com/', 'thumbnail_height': 360, 'thumbnail_url': 'https://i.ytimg.com/vi/yz6dNf7X7SA/hqdefault.jpg', 'thumbnail_width': 480, 'title': 'Generating Pokemon with a Generative Adversarial Network', 'type': 'video', 'version': '1.0', 'width': 600}, 'type': 'youtube.com'}","{'content': '&lt;iframe width=""600"" height=""338"" src=""https://www.youtube.com/embed/yz6dNf7X7SA?feature=oembed&amp;enablejsapi=1&amp;enablejsapi=1"" frameborder=""0"" allow=""autoplay; encrypted-media"" allowfullscreen&gt;&lt;/iframe&gt;', 'height': 338, 'media_domain_url': 'https://www.redditmedia.com/mediaembed/7tcny3', 'scrolling': False, 'width': 600}",,False,False,MediaSynthesis,t5_f2bje,public,,https://a.thumbs.redditmedia.com/Lg6Rao80vh7QQDIV4etAtqhMd7VjVBRQA-GiNnTTZZ8.jpg,105.0,140.0,Generating Pokemon with a Generative Adversarial Network,https://www.youtube.com/watch?v=yz6dNf7X7SA,,2018-01-27 13:22:13
False,Yuli-Ban,,,False,False,1517059386,,youtube.com,False,0,False,False,7tco3o,False,False,False,False,,,False,"{'oembed': {'author_name': 'Two Minute Papers', 'author_url': 'https://www.youtube.com/user/keeroyz', 'height': 338, 'html': '&lt;iframe width=""600"" height=""338"" src=""https://www.youtube.com/embed/D4C1dB9UheQ?feature=oembed&amp;enablejsapi=1"" frameborder=""0"" allow=""autoplay; encrypted-media"" allowfullscreen&gt;&lt;/iframe&gt;', 'provider_name': 'YouTube', 'provider_url': 'https://www.youtube.com/', 'thumbnail_height': 360, 'thumbnail_url': 'https://i.ytimg.com/vi/D4C1dB9UheQ/hqdefault.jpg', 'thumbnail_width': 480, 'title': 'AI Learns to Synthesize Pictures of Animals | Two Minute Papers #152', 'type': 'video', 'version': '1.0', 'width': 600}, 'type': 'youtube.com'}","{'content': '&lt;iframe width=""600"" height=""338"" src=""https://www.youtube.com/embed/D4C1dB9UheQ?feature=oembed&amp;enablejsapi=1"" frameborder=""0"" allow=""autoplay; encrypted-media"" allowfullscreen&gt;&lt;/iframe&gt;', 'height': 338, 'scrolling': False, 'width': 600}",0,0,False,,/r/MediaSynthesis/comments/7tco3o/ai_learns_to_synthesize_pictures_of_animals/,False,rich:video,"{'enabled': False, 'images': [{'id': 'XqY5fB-hu6M_ANhoh6ZuW6oYI0kYT62LN6SMJF2m8Gc', 'resolutions': [{'height': 81, 'url': 'https://i.redditmedia.com/hrJkqkVPXi8b1_zecBUHMg-1MpvZ7Zm2UU2NUB3sI3s.jpg?fit=crop&amp;crop=faces%2Centropy&amp;arh=2&amp;w=108&amp;fm=jpg&amp;s=619b0d505e6f885a259ee3d474f29c5d', 'width': 108}, {'height': 162, 'url': 'https://i.redditmedia.com/hrJkqkVPXi8b1_zecBUHMg-1MpvZ7Zm2UU2NUB3sI3s.jpg?fit=crop&amp;crop=faces%2Centropy&amp;arh=2&amp;w=216&amp;fm=jpg&amp;s=4b43c24fecf9509a86574d2cf8e04f82', 'width': 216}, {'height': 240, 'url': 'https://i.redditmedia.com/hrJkqkVPXi8b1_zecBUHMg-1MpvZ7Zm2UU2NUB3sI3s.jpg?fit=crop&amp;crop=faces%2Centropy&amp;arh=2&amp;w=320&amp;fm=jpg&amp;s=ea97579c9158eee6478e95579e6745d9', 'width': 320}], 'source': {'height': 360, 'url': 'https://i.redditmedia.com/hrJkqkVPXi8b1_zecBUHMg-1MpvZ7Zm2UU2NUB3sI3s.jpg?fm=jpg&amp;s=402a473d8a6b18c1faec67b0172198dc', 'width': 480}, 'variants': {}}]}",1518591109,5,"{'oembed': {'author_name': 'Two Minute Papers', 'author_url': 'https://www.youtube.com/user/keeroyz', 'height': 338, 'html': '&lt;iframe width=""600"" height=""338"" src=""https://www.youtube.com/embed/D4C1dB9UheQ?feature=oembed&amp;enablejsapi=1&amp;enablejsapi=1"" frameborder=""0"" allow=""autoplay; encrypted-media"" allowfullscreen&gt;&lt;/iframe&gt;', 'provider_name': 'YouTube', 'provider_url': 'https://www.youtube.com/', 'thumbnail_height': 360, 'thumbnail_url': 'https://i.ytimg.com/vi/D4C1dB9UheQ/hqdefault.jpg', 'thumbnail_width': 480, 'title': 'AI Learns to Synthesize Pictures of Animals | Two Minute Papers #152', 'type': 'video', 'version': '1.0', 'width': 600}, 'type': 'youtube.com'}","{'content': '&lt;iframe width=""600"" height=""338"" src=""https://www.youtube.com/embed/D4C1dB9UheQ?feature=oembed&amp;enablejsapi=1&amp;enablejsapi=1"" frameborder=""0"" allow=""autoplay; encrypted-media"" allowfullscreen&gt;&lt;/iframe&gt;', 'height': 338, 'media_domain_url': 'https://www.redditmedia.com/mediaembed/7tco3o', 'scrolling': False, 'width': 600}",,False,False,MediaSynthesis,t5_f2bje,public,,https://b.thumbs.redditmedia.com/zbBNYRTZHywxS-6gjHd5c2846cOqOq9AUEw3-MddOVI.jpg,105.0,140.0,AI Learns to Synthesize Pictures of Animals,https://www.youtube.com/watch?v=D4C1dB9UheQ,,2018-01-27 13:23:06
False,Yuli-Ban,,,False,False,1517059442,,arxiv.org,False,0,False,False,7tco93,False,False,False,False,,,False,,{},0,0,False,,/r/MediaSynthesis/comments/7tco93/arvix_paper_semantic_style_transfer_and_turning/,False,,,1518591111,5,,{},,False,False,MediaSynthesis,t5_f2bje,public,,default,,,Arvix Paper: Semantic Style Transfer and Turning Two-Bit Doodles into Fine Artwork,https://arxiv.org/pdf/1603.01768.pdf,,2018-01-27 13:24:02
False,Yuli-Ban,,,False,False,1517059510,,wired.co.uk,False,0,False,False,7tcog5,False,False,False,False,,,False,,{},0,0,False,,/r/MediaSynthesis/comments/7tcog5/fake_news_20_ai_will_soon_be_able_to_mimic_any/,False,link,"{'enabled': False, 'images': [{'id': '4sY_bDaOtigQN0KPoBjbEcH8KQgvTKnrTVgXTLxNEV4', 'resolutions': [{'height': 56, 'url': 'https://i.redditmedia.com/xPu4-gOSfD3JnjEKVd-4iBrpfHYjBE_nWVDd4zBQhYw.jpg?fit=crop&amp;crop=faces%2Centropy&amp;arh=2&amp;w=108&amp;fm=jpg&amp;s=932067003ea5e5e1b385291d80d0fb46', 'width': 108}, {'height': 113, 'url': 'https://i.redditmedia.com/xPu4-gOSfD3JnjEKVd-4iBrpfHYjBE_nWVDd4zBQhYw.jpg?fit=crop&amp;crop=faces%2Centropy&amp;arh=2&amp;w=216&amp;fm=jpg&amp;s=44d7c95f99044ce732152390829f1dd4', 'width': 216}, {'height': 167, 'url': 'https://i.redditmedia.com/xPu4-gOSfD3JnjEKVd-4iBrpfHYjBE_nWVDd4zBQhYw.jpg?fit=crop&amp;crop=faces%2Centropy&amp;arh=2&amp;w=320&amp;fm=jpg&amp;s=77a6d89c9178a8feee3a28ec9a0904c5', 'width': 320}], 'source': {'height': 212, 'url': 'https://i.redditmedia.com/xPu4-gOSfD3JnjEKVd-4iBrpfHYjBE_nWVDd4zBQhYw.jpg?fm=jpg&amp;s=3568920f79a9d5626e4ab963830d5415', 'width': 405}, 'variants': {}}]}",1518591114,9,,{},,False,False,MediaSynthesis,t5_f2bje,public,,https://b.thumbs.redditmedia.com/CTy84x6AaaceW3oCqctM91odUunaZhuKvq1eWt5wY6Y.jpg,73.0,140.0,Fake news 2.0: AI will soon be able to mimic any human voice,http://www.wired.co.uk/article/fake-voices-will-become-worryingly-accurate,,2018-01-27 13:25:10
False,Yuli-Ban,,,False,False,1517059577,,kotaku.com.au,False,0,False,False,7tcomw,False,False,False,False,,,False,,{},0,0,False,,/r/MediaSynthesis/comments/7tcomw/meet_angelina_the_ai_that_makes_games/,False,link,"{'enabled': False, 'images': [{'id': 'TGYa3lgxvnESW2W2WLqXKD0a87Wdkp6db4YWZQG5Foc', 'resolutions': [{'height': 60, 'url': 'https://i.redditmedia.com/1m0xKxGOaWJ43d6xjEIg1e1VgBk5kOg52ylZNujL-gE.jpg?fit=crop&amp;crop=faces%2Centropy&amp;arh=2&amp;w=108&amp;fm=jpg&amp;s=db5fa0b942d07e12528383818ad1d265', 'width': 108}, {'height': 121, 'url': 'https://i.redditmedia.com/1m0xKxGOaWJ43d6xjEIg1e1VgBk5kOg52ylZNujL-gE.jpg?fit=crop&amp;crop=faces%2Centropy&amp;arh=2&amp;w=216&amp;fm=jpg&amp;s=c01ecea988e71519b21fc078d323295e', 'width': 216}, {'height': 180, 'url': 'https://i.redditmedia.com/1m0xKxGOaWJ43d6xjEIg1e1VgBk5kOg52ylZNujL-gE.jpg?fit=crop&amp;crop=faces%2Centropy&amp;arh=2&amp;w=320&amp;fm=jpg&amp;s=2d698ee5e4e8f2f71ff28c81934982a6', 'width': 320}], 'source': {'height': 231, 'url': 'https://i.redditmedia.com/1m0xKxGOaWJ43d6xjEIg1e1VgBk5kOg52ylZNujL-gE.jpg?fm=jpg&amp;s=32dd131dabb016ca30a3bd65a83a3a85', 'width': 410}, 'variants': {}}]}",1518591116,3,,{},,False,False,MediaSynthesis,t5_f2bje,public,,https://b.thumbs.redditmedia.com/Fhhb6vhsEw7i2apqy5AFy9ylqrHKTqcByAW3GlHacWY.jpg,78.0,140.0,"Meet Angelina, The AI That Makes Games",https://www.kotaku.com.au/2017/11/the-ai-that-makes-games/,,2018-01-27 13:26:17
