all_awardings,allow_live_comments,archived,author,author_created_utc,author_flair_background_color,author_flair_css_class,author_flair_richtext,author_flair_template_id,author_flair_text,author_flair_text_color,author_flair_type,author_fullname,author_patreon_flair,author_premium,awarders,banned_by,can_gild,can_mod_post,category,content_categories,contest_mode,created_utc,discussion_type,distinguished,domain,edited,gilded,gildings,hidden,hide_score,id,is_created_from_ads_ui,is_crosspostable,is_meta,is_original_content,is_reddit_media_domain,is_robot_indexable,is_self,is_video,link_flair_background_color,link_flair_css_class,link_flair_richtext,link_flair_text,link_flair_text_color,link_flair_type,locked,media,media_embed,media_only,name,no_follow,num_comments,num_crossposts,over_18,parent_whitelist_status,permalink,pinned,pwls,quarantine,removed_by,removed_by_category,retrieved_on,retrieved_utc,score,secure_media,secure_media_embed,selftext,send_replies,spoiler,stickied,subreddit,subreddit_id,subreddit_name_prefixed,subreddit_subscribers,subreddit_type,suggested_sort,thumbnail,thumbnail_height,thumbnail_width,title,top_awarded_type,total_awards_received,treatment_tags,upvote_ratio,url,view_count,whitelist_status,wls,call_to_action,url_overridden_by_dest,post_hint,preview,gallery_data,is_gallery,media_metadata,created_dt
[],True,False,DavidHolz,1408060754.0,,,[],,,,text,t2_hvu1z,False,False,[],,True,False,,,False,1647140534,CHAT,,self.midjourney,False,0,{},False,False,tcxjm2,False,True,False,False,False,True,True,False,,,[],,dark,text,False,,{},False,t3_tcxjm2,False,134,0,False,,/r/midjourney/comments/tcxjm2/rmidjourney_lounge/,False,,False,,,1656060343,1656060343,10,,{},A place for members of r/midjourney to chat with each other,True,False,True,midjourney,t5_5zvcfk,r/midjourney,1324,public,new,self,,,r/midjourney Lounge,,0,[],1.0,https://www.reddit.com/r/midjourney/comments/tcxjm2/rmidjourney_lounge/,,,,,,,,,,,2022-03-13 03:02:14
[],False,False,irdefinitelybaboon,1552155136.0,,,[],,,,text,t2_3dk8v9lk,False,False,[],,True,False,,,False,1654212407,,,self.midjourney,False,0,{},False,False,v3lvhi,False,True,False,False,False,True,True,False,,,[],,dark,text,False,,{},False,t3_v3lvhi,False,0,0,False,,/r/midjourney/comments/v3lvhi/hello/,False,,False,,,1657166552,1657166552,3,,{},Is this an official sub or is someone just sitting on it?,True,False,False,midjourney,t5_5zvcfk,r/midjourney,3121,public,,self,,,Hello?,,0,[],1.0,https://www.reddit.com/r/midjourney/comments/v3lvhi/hello/,,,,,,,,,,,2022-06-02 23:26:47
[],False,False,[deleted],,,,,,,dark,,,,,[],,False,False,,,False,1654227985,,,i.imgur.com,False,0,{},False,False,v3qlou,False,False,False,False,False,False,False,False,,,[],,dark,text,False,,{},False,t3_v3qlou,True,1,0,True,,/r/midjourney/comments/v3qlou/shroom_plebians/,False,,False,,deleted,1657166182,1657166182,1,,{},[deleted],True,True,False,midjourney,t5_5zvcfk,r/midjourney,3121,public,,default,140.0,140.0,Shroom Plebians,,0,[],1.0,https://i.imgur.com/AiBL1pB.jpg,,,,,https://i.imgur.com/AiBL1pB.jpg,,,,,,2022-06-03 03:46:25
[],False,False,irdefinitelybaboon,1552155136.0,,,[],,,,text,t2_3dk8v9lk,False,False,[],,True,False,,,False,1654249537,,,imgur.com,False,0,{},False,False,v3vsim,False,True,False,False,False,True,False,False,,,[],,dark,text,False,"{'oembed': {'description': 'Post with 0 views.', 'height': 340, 'html': '&lt;iframe class=""embedly-embed"" src=""https://cdn.embedly.com/widgets/media.html?src=https%3A%2F%2Fimgur.com%2Fa%2F30Am27d%2Fembed%3Fpub%3Dtrue%26ref%3Dhttps%253A%252F%252Fembed.ly%26w%3D900&amp;display_name=Imgur&amp;url=https%3A%2F%2Fimgur.com%2Fa%2F30Am27d&amp;image=https%3A%2F%2Fi.imgur.com%2FGCSgL4y.jpg%3Ffb&amp;key=ed8fa8699ce04833838e66ce79ba05f1&amp;type=text%2Fhtml&amp;schema=imgur"" width=""600"" height=""340"" scrolling=""no"" title=""Imgur embed"" frameborder=""0"" allow=""autoplay; fullscreen"" allowfullscreen=""true""&gt;&lt;/iframe&gt;', 'provider_name': 'Imgur', 'provider_url': 'http://imgur.com', 'thumbnail_height': 315, 'thumbnail_url': 'https://i.imgur.com/GCSgL4y.jpg?fb', 'thumbnail_width': 600, 'title': 'Imgur', 'type': 'rich', 'url': 'https://imgur.com/a/30Am27d', 'version': '1.0', 'width': 600}, 'type': 'imgur.com'}","{'content': '&lt;iframe class=""embedly-embed"" src=""https://cdn.embedly.com/widgets/media.html?src=https%3A%2F%2Fimgur.com%2Fa%2F30Am27d%2Fembed%3Fpub%3Dtrue%26ref%3Dhttps%253A%252F%252Fembed.ly%26w%3D900&amp;display_name=Imgur&amp;url=https%3A%2F%2Fimgur.com%2Fa%2F30Am27d&amp;image=https%3A%2F%2Fi.imgur.com%2FGCSgL4y.jpg%3Ffb&amp;key=ed8fa8699ce04833838e66ce79ba05f1&amp;type=text%2Fhtml&amp;schema=imgur"" width=""600"" height=""340"" scrolling=""no"" title=""Imgur embed"" frameborder=""0"" allow=""autoplay; fullscreen"" allowfullscreen=""true""&gt;&lt;/iframe&gt;', 'height': 340, 'scrolling': False, 'width': 600}",False,t3_v3vsim,False,1,0,False,,/r/midjourney/comments/v3vsim/imagine_eyeball_tentacle_sss_octane_cinema_4d/,False,,False,,,1657165784,1657165784,15,"{'oembed': {'description': 'Post with 0 views.', 'height': 340, 'html': '&lt;iframe class=""embedly-embed"" src=""https://cdn.embedly.com/widgets/media.html?src=https%3A%2F%2Fimgur.com%2Fa%2F30Am27d%2Fembed%3Fpub%3Dtrue%26ref%3Dhttps%253A%252F%252Fembed.ly%26w%3D900&amp;display_name=Imgur&amp;url=https%3A%2F%2Fimgur.com%2Fa%2F30Am27d&amp;image=https%3A%2F%2Fi.imgur.com%2FGCSgL4y.jpg%3Ffb&amp;key=ed8fa8699ce04833838e66ce79ba05f1&amp;type=text%2Fhtml&amp;schema=imgur"" width=""600"" height=""340"" scrolling=""no"" title=""Imgur embed"" frameborder=""0"" allow=""autoplay; fullscreen"" allowfullscreen=""true""&gt;&lt;/iframe&gt;', 'provider_name': 'Imgur', 'provider_url': 'http://imgur.com', 'thumbnail_height': 315, 'thumbnail_url': 'https://i.imgur.com/GCSgL4y.jpg?fb', 'thumbnail_width': 600, 'title': 'Imgur', 'type': 'rich', 'url': 'https://imgur.com/a/30Am27d', 'version': '1.0', 'width': 600}, 'type': 'imgur.com'}","{'content': '&lt;iframe class=""embedly-embed"" src=""https://cdn.embedly.com/widgets/media.html?src=https%3A%2F%2Fimgur.com%2Fa%2F30Am27d%2Fembed%3Fpub%3Dtrue%26ref%3Dhttps%253A%252F%252Fembed.ly%26w%3D900&amp;display_name=Imgur&amp;url=https%3A%2F%2Fimgur.com%2Fa%2F30Am27d&amp;image=https%3A%2F%2Fi.imgur.com%2FGCSgL4y.jpg%3Ffb&amp;key=ed8fa8699ce04833838e66ce79ba05f1&amp;type=text%2Fhtml&amp;schema=imgur"" width=""600"" height=""340"" scrolling=""no"" title=""Imgur embed"" frameborder=""0"" allow=""autoplay; fullscreen"" allowfullscreen=""true""&gt;&lt;/iframe&gt;', 'height': 340, 'media_domain_url': 'https://www.redditmedia.com/mediaembed/v3vsim', 'scrolling': False, 'width': 600}",,True,False,False,midjourney,t5_5zvcfk,r/midjourney,3120,public,,https://b.thumbs.redditmedia.com/yopYXUhg5vqn7DgJB6NYQ0QQyP430M27iLJ_1Efu6kE.jpg,70.0,140.0,Imagine: eyeball tentacle SSS octane cinema 4D raytracing artstation --aspect 2:1,,0,[],1.0,https://imgur.com/a/30Am27d,,,,,https://imgur.com/a/30Am27d,link,"{'enabled': False, 'images': [{'id': 'BU6VDZUGPoFWUNA5C7_ewrnJ95Jp9hd1QkS0TXF52A8', 'resolutions': [{'height': 54, 'url': 'https://external-preview.redd.it/uzGbGPN-y0aV7t5FcKf2f_Chp-SgdLQGWPhYXA69tWA.jpg?width=108&amp;crop=smart&amp;auto=webp&amp;s=48003818ec159fc80a98723a38c423eacfca49e3', 'width': 108}, {'height': 108, 'url': 'https://external-preview.redd.it/uzGbGPN-y0aV7t5FcKf2f_Chp-SgdLQGWPhYXA69tWA.jpg?width=216&amp;crop=smart&amp;auto=webp&amp;s=0e5558fdf14ab23d19f06deb6048009167bdbfb2', 'width': 216}, {'height': 160, 'url': 'https://external-preview.redd.it/uzGbGPN-y0aV7t5FcKf2f_Chp-SgdLQGWPhYXA69tWA.jpg?width=320&amp;crop=smart&amp;auto=webp&amp;s=917b6c1b9ad089a7283482d9239fa85533d2cff1', 'width': 320}, {'height': 320, 'url': 'https://external-preview.redd.it/uzGbGPN-y0aV7t5FcKf2f_Chp-SgdLQGWPhYXA69tWA.jpg?width=640&amp;crop=smart&amp;auto=webp&amp;s=5f7f525403a13abb03b5b891f8b74ff84b401b5c', 'width': 640}, {'height': 480, 'url': 'https://external-preview.redd.it/uzGbGPN-y0aV7t5FcKf2f_Chp-SgdLQGWPhYXA69tWA.jpg?width=960&amp;crop=smart&amp;auto=webp&amp;s=9a326db3e0fa9b65be7df2fe16b59f9d2af4b710', 'width': 960}, {'height': 540, 'url': 'https://external-preview.redd.it/uzGbGPN-y0aV7t5FcKf2f_Chp-SgdLQGWPhYXA69tWA.jpg?width=1080&amp;crop=smart&amp;auto=webp&amp;s=5aab386fea05a105fc7407fa97e6fcbe305c0c64', 'width': 1080}], 'source': {'height': 1024, 'url': 'https://external-preview.redd.it/uzGbGPN-y0aV7t5FcKf2f_Chp-SgdLQGWPhYXA69tWA.jpg?auto=webp&amp;s=2bb19755e945d236b209ff2b1955d2428d992438', 'width': 2048}, 'variants': {}}]}",,,,2022-06-03 09:45:37
[],False,False,pengo,1184677861.0,,,[],,,,text,t2_272cc,False,False,[],,True,False,,,False,1654323881,,,i.redd.it,False,0,{},False,False,v4iuzb,False,True,False,False,True,True,False,False,,,[],,dark,text,False,,{},False,t3_v4iuzb,False,0,0,False,,/r/midjourney/comments/v4iuzb/edvard_munchs_the_embarrassed_laugh/,False,,False,,,1657163969,1657163969,13,,{},,True,False,False,midjourney,t5_5zvcfk,r/midjourney,3118,public,,https://b.thumbs.redditmedia.com/2p0BuxkbS1iRXr_0YGBBcf6gZyG7nUuaPaoGnhxZF7Q.jpg,80.0,140.0,Edvard Munch's The Embarrassed Laugh,,0,[],0.94,https://i.redd.it/98aqezfksj391.png,,,,,https://i.redd.it/98aqezfksj391.png,image,"{'enabled': True, 'images': [{'id': 'yFkz4L2C6Mx8QyJTC6PHX4gErrGuHyESHxHCsYR04Jo', 'resolutions': [{'height': 61, 'url': 'https://preview.redd.it/98aqezfksj391.png?width=108&amp;crop=smart&amp;auto=webp&amp;s=93fbf6884a14f6ece5d78fbfd0ab0fdb1b082725', 'width': 108}, {'height': 123, 'url': 'https://preview.redd.it/98aqezfksj391.png?width=216&amp;crop=smart&amp;auto=webp&amp;s=e1e2c5ebfa9710eab8cd8e4fc346aa4040f975c4', 'width': 216}, {'height': 182, 'url': 'https://preview.redd.it/98aqezfksj391.png?width=320&amp;crop=smart&amp;auto=webp&amp;s=5ef4bc8741d26f9a2d0a452cc82c542af32af911', 'width': 320}, {'height': 365, 'url': 'https://preview.redd.it/98aqezfksj391.png?width=640&amp;crop=smart&amp;auto=webp&amp;s=70328162af5c8fbfe08c59ce5dd77b79df5322fb', 'width': 640}, {'height': 548, 'url': 'https://preview.redd.it/98aqezfksj391.png?width=960&amp;crop=smart&amp;auto=webp&amp;s=cb275e106a7535cdbb7f95226e83690ed5ac39ae', 'width': 960}, {'height': 617, 'url': 'https://preview.redd.it/98aqezfksj391.png?width=1080&amp;crop=smart&amp;auto=webp&amp;s=2edef1553555a3912be2f37dbee3d4608ffdb4d5', 'width': 1080}], 'source': {'height': 1024, 'url': 'https://preview.redd.it/98aqezfksj391.png?auto=webp&amp;s=33556087808c9a418172cd40c1fcf7216be530b0', 'width': 1792}, 'variants': {}}]}",,,,2022-06-04 06:24:41
[],False,False,RizelyDidThis,1650202427.0,,,[],,,,text,t2_m1qdid4x,False,False,[],,True,False,,,False,1654348776,,,reddit.com,False,0,{},False,False,v4oqp9,False,True,False,False,False,True,False,False,,,[],,dark,text,False,,{},False,t3_v4oqp9,False,11,0,False,,/r/midjourney/comments/v4oqp9/vintage_photographs_of_an_ancient_cult_meeting/,False,,False,,,1657163508,1657163508,90,,{},,True,False,False,midjourney,t5_5zvcfk,r/midjourney,3117,public,,https://b.thumbs.redditmedia.com/5a28OU7Bt0UmzU2d3XpCSQ_dMCHuuUuPS2F19UZsF3s.jpg,140.0,140.0,Vintage photographs of an ancient cult meeting with demons,,0,[],1.0,https://www.reddit.com/gallery/v4oqp9,,,,,https://www.reddit.com/gallery/v4oqp9,,,"{'items': [{'id': 149238421, 'media_id': '6x9dvffqul391'}, {'id': 149238422, 'media_id': 'zrsm6carul391'}, {'id': 149238423, 'media_id': '2lo35ecrul391'}]}",True,"{'2lo35ecrul391': {'e': 'Image', 'id': '2lo35ecrul391', 'm': 'image/png', 'p': [{'u': 'https://preview.redd.it/2lo35ecrul391.png?width=108&amp;crop=smart&amp;auto=webp&amp;s=5ba510b29ccc2e361766f56703280061214aad87', 'x': 108, 'y': 108}, {'u': 'https://preview.redd.it/2lo35ecrul391.png?width=216&amp;crop=smart&amp;auto=webp&amp;s=8439603a602202491234b34208e4e3bf7fae32b1', 'x': 216, 'y': 216}, {'u': 'https://preview.redd.it/2lo35ecrul391.png?width=320&amp;crop=smart&amp;auto=webp&amp;s=bc270331a47054d062746bcd7e8e7590f0dec49b', 'x': 320, 'y': 320}], 's': {'u': 'https://preview.redd.it/2lo35ecrul391.png?width=512&amp;format=png&amp;auto=webp&amp;s=f7732ef3085a7c6a4145aa85e605c1959a08778f', 'x': 512, 'y': 512}, 'status': 'valid'}, '6x9dvffqul391': {'e': 'Image', 'id': '6x9dvffqul391', 'm': 'image/png', 'p': [{'u': 'https://preview.redd.it/6x9dvffqul391.png?width=108&amp;crop=smart&amp;auto=webp&amp;s=e5e31f6c7ac2acc3149bb3655911ae55fb9afce0', 'x': 108, 'y': 108}, {'u': 'https://preview.redd.it/6x9dvffqul391.png?width=216&amp;crop=smart&amp;auto=webp&amp;s=987d6e99e7c9727f8da062576b8c14cace700d37', 'x': 216, 'y': 216}, {'u': 'https://preview.redd.it/6x9dvffqul391.png?width=320&amp;crop=smart&amp;auto=webp&amp;s=9678dab6ec5f5b37acca8096da9ffcb21673712a', 'x': 320, 'y': 320}, {'u': 'https://preview.redd.it/6x9dvffqul391.png?width=640&amp;crop=smart&amp;auto=webp&amp;s=c1fc82bb31d5675e21ad8ee20c5b562605c1b634', 'x': 640, 'y': 640}, {'u': 'https://preview.redd.it/6x9dvffqul391.png?width=960&amp;crop=smart&amp;auto=webp&amp;s=b7d04d38f52bca0beced483c536a4eb1c1c46f91', 'x': 960, 'y': 960}], 's': {'u': 'https://preview.redd.it/6x9dvffqul391.png?width=1024&amp;format=png&amp;auto=webp&amp;s=3c7d46e618f1de0606ede0af8a72f1e16243f025', 'x': 1024, 'y': 1024}, 'status': 'valid'}, 'zrsm6carul391': {'e': 'Image', 'id': 'zrsm6carul391', 'm': 'image/jpg', 'p': [{'u': 'https://preview.redd.it/zrsm6carul391.jpg?width=108&amp;crop=smart&amp;auto=webp&amp;s=e89b99612c4759380a35acb4fa4873a33f5e35f0', 'x': 108, 'y': 108}, {'u': 'https://preview.redd.it/zrsm6carul391.jpg?width=216&amp;crop=smart&amp;auto=webp&amp;s=8c40d3cd5af8afd2d26f32a6df0c9f0c83dad7c7', 'x': 216, 'y': 216}, {'u': 'https://preview.redd.it/zrsm6carul391.jpg?width=320&amp;crop=smart&amp;auto=webp&amp;s=622664cb808fd962755d432d2dd9fe036d66a896', 'x': 320, 'y': 320}], 's': {'u': 'https://preview.redd.it/zrsm6carul391.jpg?width=512&amp;format=pjpg&amp;auto=webp&amp;s=7e7914c1426464741f20307fe1f21d7f7a452139', 'x': 512, 'y': 512}, 'status': 'valid'}}",2022-06-04 13:19:36
[],False,False,irdefinitelybaboon,1552155136.0,,,[],,,,text,t2_3dk8v9lk,False,False,[],,True,False,,,False,1654366776,,,imgur.com,False,0,{},False,False,v4unkh,False,True,False,False,False,True,False,False,,,[],,dark,text,False,"{'oembed': {'description': 'Post with 0 views.', 'height': 640, 'html': '&lt;iframe class=""embedly-embed"" src=""https://cdn.embedly.com/widgets/media.html?src=https%3A%2F%2Fimgur.com%2Fa%2FZyxsec4%2Fembed%3Fpub%3Dtrue%26ref%3Dhttps%253A%252F%252Fembed.ly%26w%3D900&amp;display_name=Imgur&amp;url=https%3A%2F%2Fimgur.com%2Fa%2FZyxsec4&amp;image=https%3A%2F%2Fi.imgur.com%2FMgYvyfo.jpg%3Ffb&amp;key=ed8fa8699ce04833838e66ce79ba05f1&amp;type=text%2Fhtml&amp;schema=imgur"" width=""600"" height=""640"" scrolling=""no"" title=""Imgur embed"" frameborder=""0"" allow=""autoplay; fullscreen"" allowfullscreen=""true""&gt;&lt;/iframe&gt;', 'provider_name': 'Imgur', 'provider_url': 'http://imgur.com', 'thumbnail_height': 315, 'thumbnail_url': 'https://i.imgur.com/MgYvyfo.jpg?fb', 'thumbnail_width': 600, 'title': 'Imgur', 'type': 'rich', 'url': 'https://imgur.com/a/Zyxsec4', 'version': '1.0', 'width': 600}, 'type': 'imgur.com'}","{'content': '&lt;iframe class=""embedly-embed"" src=""https://cdn.embedly.com/widgets/media.html?src=https%3A%2F%2Fimgur.com%2Fa%2FZyxsec4%2Fembed%3Fpub%3Dtrue%26ref%3Dhttps%253A%252F%252Fembed.ly%26w%3D900&amp;display_name=Imgur&amp;url=https%3A%2F%2Fimgur.com%2Fa%2FZyxsec4&amp;image=https%3A%2F%2Fi.imgur.com%2FMgYvyfo.jpg%3Ffb&amp;key=ed8fa8699ce04833838e66ce79ba05f1&amp;type=text%2Fhtml&amp;schema=imgur"" width=""600"" height=""640"" scrolling=""no"" title=""Imgur embed"" frameborder=""0"" allow=""autoplay; fullscreen"" allowfullscreen=""true""&gt;&lt;/iframe&gt;', 'height': 640, 'scrolling': False, 'width': 600}",False,t3_v4unkh,False,1,0,False,,/r/midjourney/comments/v4unkh/vintage_photograph_of_bigfoot_family/,False,,False,,,1657163034,1657163034,12,"{'oembed': {'description': 'Post with 0 views.', 'height': 640, 'html': '&lt;iframe class=""embedly-embed"" src=""https://cdn.embedly.com/widgets/media.html?src=https%3A%2F%2Fimgur.com%2Fa%2FZyxsec4%2Fembed%3Fpub%3Dtrue%26ref%3Dhttps%253A%252F%252Fembed.ly%26w%3D900&amp;display_name=Imgur&amp;url=https%3A%2F%2Fimgur.com%2Fa%2FZyxsec4&amp;image=https%3A%2F%2Fi.imgur.com%2FMgYvyfo.jpg%3Ffb&amp;key=ed8fa8699ce04833838e66ce79ba05f1&amp;type=text%2Fhtml&amp;schema=imgur"" width=""600"" height=""640"" scrolling=""no"" title=""Imgur embed"" frameborder=""0"" allow=""autoplay; fullscreen"" allowfullscreen=""true""&gt;&lt;/iframe&gt;', 'provider_name': 'Imgur', 'provider_url': 'http://imgur.com', 'thumbnail_height': 315, 'thumbnail_url': 'https://i.imgur.com/MgYvyfo.jpg?fb', 'thumbnail_width': 600, 'title': 'Imgur', 'type': 'rich', 'url': 'https://imgur.com/a/Zyxsec4', 'version': '1.0', 'width': 600}, 'type': 'imgur.com'}","{'content': '&lt;iframe class=""embedly-embed"" src=""https://cdn.embedly.com/widgets/media.html?src=https%3A%2F%2Fimgur.com%2Fa%2FZyxsec4%2Fembed%3Fpub%3Dtrue%26ref%3Dhttps%253A%252F%252Fembed.ly%26w%3D900&amp;display_name=Imgur&amp;url=https%3A%2F%2Fimgur.com%2Fa%2FZyxsec4&amp;image=https%3A%2F%2Fi.imgur.com%2FMgYvyfo.jpg%3Ffb&amp;key=ed8fa8699ce04833838e66ce79ba05f1&amp;type=text%2Fhtml&amp;schema=imgur"" width=""600"" height=""640"" scrolling=""no"" title=""Imgur embed"" frameborder=""0"" allow=""autoplay; fullscreen"" allowfullscreen=""true""&gt;&lt;/iframe&gt;', 'height': 640, 'media_domain_url': 'https://www.redditmedia.com/mediaembed/v4unkh', 'scrolling': False, 'width': 600}",,True,False,False,midjourney,t5_5zvcfk,r/midjourney,3116,public,,https://b.thumbs.redditmedia.com/1BkQgZzrB1Kfl-8TPuMCRj5uza9h1hFAZnuVrFoDM1I.jpg,140.0,140.0,Vintage photograph of Bigfoot family,,0,[],1.0,https://imgur.com/a/Zyxsec4,,,,,https://imgur.com/a/Zyxsec4,link,"{'enabled': False, 'images': [{'id': 'FySBQDDY232uLBWpqt3JMLLiOzO7y-ZdOd8WBhOFHrY', 'resolutions': [{'height': 108, 'url': 'https://external-preview.redd.it/rEqg8dLC8IV5jVVFLFJEdbqpkRqtNEyp_SuWajmYKnE.jpg?width=108&amp;crop=smart&amp;auto=webp&amp;s=16e00995090eaba0da77ab909bb7b2e0b8856696', 'width': 108}, {'height': 216, 'url': 'https://external-preview.redd.it/rEqg8dLC8IV5jVVFLFJEdbqpkRqtNEyp_SuWajmYKnE.jpg?width=216&amp;crop=smart&amp;auto=webp&amp;s=e1b731cb6494b01b59b6045a23f1e4e1e78e0435', 'width': 216}, {'height': 320, 'url': 'https://external-preview.redd.it/rEqg8dLC8IV5jVVFLFJEdbqpkRqtNEyp_SuWajmYKnE.jpg?width=320&amp;crop=smart&amp;auto=webp&amp;s=7ab88314a9c47f08322bc5ee79067b2a15164b3b', 'width': 320}, {'height': 640, 'url': 'https://external-preview.redd.it/rEqg8dLC8IV5jVVFLFJEdbqpkRqtNEyp_SuWajmYKnE.jpg?width=640&amp;crop=smart&amp;auto=webp&amp;s=4006402da25125724f58a47b5e3a24c5ea3369e1', 'width': 640}, {'height': 960, 'url': 'https://external-preview.redd.it/rEqg8dLC8IV5jVVFLFJEdbqpkRqtNEyp_SuWajmYKnE.jpg?width=960&amp;crop=smart&amp;auto=webp&amp;s=520b83687c68ba8d522d2cb44396e7b30dc3bb38', 'width': 960}], 'source': {'height': 1024, 'url': 'https://external-preview.redd.it/rEqg8dLC8IV5jVVFLFJEdbqpkRqtNEyp_SuWajmYKnE.jpg?auto=webp&amp;s=10b81cd6b3c9ba2129da35c8d576f75f9e95ad8c', 'width': 1024}, 'variants': {}}]}",,,,2022-06-04 18:19:36
[],False,False,Few-Rip-,1608389408.0,,,[],,,,text,t2_9engii8p,False,False,[],,True,False,,,False,1654371504,,,self.midjourney,False,0,{},False,False,v4wduy,False,True,False,False,False,True,True,False,,,[],,dark,text,False,,{},False,t3_v4wduy,True,1,0,False,,/r/midjourney/comments/v4wduy/invitation/,False,,False,,,1657162900,1657162900,0,,{},"Hello... can someone send me an invitation code for midjourney, if that is still possible. ðŸ‘‰ðŸ‘ˆðŸ¥º",True,False,False,midjourney,t5_5zvcfk,r/midjourney,3116,public,,self,,,Invitation,,0,[],0.5,https://www.reddit.com/r/midjourney/comments/v4wduy/invitation/,,,,,,,,,,,2022-06-04 19:38:24
[],False,False,irdefinitelybaboon,1552155136.0,,,[],,,,text,t2_3dk8v9lk,False,False,[],,True,False,,,False,1654381308,,,imgur.com,False,0,{},False,False,v4zk3o,False,True,False,False,False,True,False,False,,,[],,dark,text,False,"{'oembed': {'description': 'Post with 0 views.', 'height': 640, 'html': '&lt;iframe class=""embedly-embed"" src=""https://cdn.embedly.com/widgets/media.html?src=https%3A%2F%2Fimgur.com%2Fa%2FPzBnosk%2Fembed%3Fpub%3Dtrue%26ref%3Dhttps%253A%252F%252Fembed.ly%26w%3D900&amp;display_name=Imgur&amp;url=https%3A%2F%2Fimgur.com%2Fa%2FPzBnosk&amp;image=https%3A%2F%2Fi.imgur.com%2F17aDLwf.jpg%3Ffb&amp;key=ed8fa8699ce04833838e66ce79ba05f1&amp;type=text%2Fhtml&amp;schema=imgur"" width=""600"" height=""640"" scrolling=""no"" title=""Imgur embed"" frameborder=""0"" allow=""autoplay; fullscreen"" allowfullscreen=""true""&gt;&lt;/iframe&gt;', 'provider_name': 'Imgur', 'provider_url': 'http://imgur.com', 'thumbnail_height': 315, 'thumbnail_url': 'https://i.imgur.com/17aDLwf.jpg?fb', 'thumbnail_width': 600, 'title': 'Imgur', 'type': 'rich', 'url': 'https://imgur.com/a/PzBnosk', 'version': '1.0', 'width': 600}, 'type': 'imgur.com'}","{'content': '&lt;iframe class=""embedly-embed"" src=""https://cdn.embedly.com/widgets/media.html?src=https%3A%2F%2Fimgur.com%2Fa%2FPzBnosk%2Fembed%3Fpub%3Dtrue%26ref%3Dhttps%253A%252F%252Fembed.ly%26w%3D900&amp;display_name=Imgur&amp;url=https%3A%2F%2Fimgur.com%2Fa%2FPzBnosk&amp;image=https%3A%2F%2Fi.imgur.com%2F17aDLwf.jpg%3Ffb&amp;key=ed8fa8699ce04833838e66ce79ba05f1&amp;type=text%2Fhtml&amp;schema=imgur"" width=""600"" height=""640"" scrolling=""no"" title=""Imgur embed"" frameborder=""0"" allow=""autoplay; fullscreen"" allowfullscreen=""true""&gt;&lt;/iframe&gt;', 'height': 640, 'scrolling': False, 'width': 600}",False,t3_v4zk3o,False,1,0,False,,/r/midjourney/comments/v4zk3o/danny_devito_as_judge_dredd_film_poster/,False,,False,,,1657162648,1657162648,8,"{'oembed': {'description': 'Post with 0 views.', 'height': 640, 'html': '&lt;iframe class=""embedly-embed"" src=""https://cdn.embedly.com/widgets/media.html?src=https%3A%2F%2Fimgur.com%2Fa%2FPzBnosk%2Fembed%3Fpub%3Dtrue%26ref%3Dhttps%253A%252F%252Fembed.ly%26w%3D900&amp;display_name=Imgur&amp;url=https%3A%2F%2Fimgur.com%2Fa%2FPzBnosk&amp;image=https%3A%2F%2Fi.imgur.com%2F17aDLwf.jpg%3Ffb&amp;key=ed8fa8699ce04833838e66ce79ba05f1&amp;type=text%2Fhtml&amp;schema=imgur"" width=""600"" height=""640"" scrolling=""no"" title=""Imgur embed"" frameborder=""0"" allow=""autoplay; fullscreen"" allowfullscreen=""true""&gt;&lt;/iframe&gt;', 'provider_name': 'Imgur', 'provider_url': 'http://imgur.com', 'thumbnail_height': 315, 'thumbnail_url': 'https://i.imgur.com/17aDLwf.jpg?fb', 'thumbnail_width': 600, 'title': 'Imgur', 'type': 'rich', 'url': 'https://imgur.com/a/PzBnosk', 'version': '1.0', 'width': 600}, 'type': 'imgur.com'}","{'content': '&lt;iframe class=""embedly-embed"" src=""https://cdn.embedly.com/widgets/media.html?src=https%3A%2F%2Fimgur.com%2Fa%2FPzBnosk%2Fembed%3Fpub%3Dtrue%26ref%3Dhttps%253A%252F%252Fembed.ly%26w%3D900&amp;display_name=Imgur&amp;url=https%3A%2F%2Fimgur.com%2Fa%2FPzBnosk&amp;image=https%3A%2F%2Fi.imgur.com%2F17aDLwf.jpg%3Ffb&amp;key=ed8fa8699ce04833838e66ce79ba05f1&amp;type=text%2Fhtml&amp;schema=imgur"" width=""600"" height=""640"" scrolling=""no"" title=""Imgur embed"" frameborder=""0"" allow=""autoplay; fullscreen"" allowfullscreen=""true""&gt;&lt;/iframe&gt;', 'height': 640, 'media_domain_url': 'https://www.redditmedia.com/mediaembed/v4zk3o', 'scrolling': False, 'width': 600}",,True,False,False,midjourney,t5_5zvcfk,r/midjourney,3116,public,,https://b.thumbs.redditmedia.com/FZluOxMut2Vs6bFGdK_EICYZ-13KzDhdMmHCF8vVHHU.jpg,140.0,140.0,Danny Devito as Judge Dredd film poster,,0,[],0.91,https://imgur.com/a/PzBnosk,,,,,https://imgur.com/a/PzBnosk,link,"{'enabled': False, 'images': [{'id': 'wn73MGiCsZLB-noSD8AQ2-ju7IYZPvl3_kZBD5a3E8g', 'resolutions': [{'height': 108, 'url': 'https://external-preview.redd.it/eWUixt-IMLX8Xaj0EWnDUUHvXNv6e_0SGk3Ec_w5k0c.jpg?width=108&amp;crop=smart&amp;auto=webp&amp;s=6bd5da14f25dc17c0c02a5487a0dd046d472fa63', 'width': 108}, {'height': 216, 'url': 'https://external-preview.redd.it/eWUixt-IMLX8Xaj0EWnDUUHvXNv6e_0SGk3Ec_w5k0c.jpg?width=216&amp;crop=smart&amp;auto=webp&amp;s=6f630b068ecfab0c0ff3ff6b6200e49e58c02bdf', 'width': 216}, {'height': 320, 'url': 'https://external-preview.redd.it/eWUixt-IMLX8Xaj0EWnDUUHvXNv6e_0SGk3Ec_w5k0c.jpg?width=320&amp;crop=smart&amp;auto=webp&amp;s=3650edf947e3dbc7ea348c1724dba7fb30eca9a9', 'width': 320}, {'height': 640, 'url': 'https://external-preview.redd.it/eWUixt-IMLX8Xaj0EWnDUUHvXNv6e_0SGk3Ec_w5k0c.jpg?width=640&amp;crop=smart&amp;auto=webp&amp;s=b6dc72dcccd68aa01be89aff18652d52ae31ae14', 'width': 640}, {'height': 960, 'url': 'https://external-preview.redd.it/eWUixt-IMLX8Xaj0EWnDUUHvXNv6e_0SGk3Ec_w5k0c.jpg?width=960&amp;crop=smart&amp;auto=webp&amp;s=e6fc1a2cb0638f27a3f2716ece2e0d9bddafa723', 'width': 960}], 'source': {'height': 1024, 'url': 'https://external-preview.redd.it/eWUixt-IMLX8Xaj0EWnDUUHvXNv6e_0SGk3Ec_w5k0c.jpg?auto=webp&amp;s=503aaec66b7030bb0b1e3bf4d19c8606e10fb7e7', 'width': 1024}, 'variants': {}}]}",,,,2022-06-04 22:21:48
[],False,False,RizelyDidThis,1650202427.0,,,[],,,,text,t2_m1qdid4x,False,False,[],,True,False,,,False,1654381374,,,i.redd.it,False,0,{},False,False,v4zkuf,False,True,False,False,True,True,False,False,,,[],,dark,text,False,,{},False,t3_v4zkuf,False,1,0,False,,/r/midjourney/comments/v4zkuf/archgor_the_elder_wizard/,False,,False,,,1657162647,1657162647,20,,{},,True,False,False,midjourney,t5_5zvcfk,r/midjourney,3116,public,,https://b.thumbs.redditmedia.com/YgvrbisBMtRjrqCeZdlJCrjCP5wta1a49Qs968wlAmw.jpg,140.0,140.0,"Archgor, the Elder Wizard",,0,[],1.0,https://i.redd.it/vdg2i4pojo391.png,,,,,https://i.redd.it/vdg2i4pojo391.png,image,"{'enabled': True, 'images': [{'id': '-eepHG1HipoF4MANUp3Lznbrv_YwVI12fkoLswV4-vs', 'resolutions': [{'height': 108, 'url': 'https://preview.redd.it/vdg2i4pojo391.png?width=108&amp;crop=smart&amp;auto=webp&amp;s=b38e74a9d135cb575deb7d86732e4d07f1dccb4b', 'width': 108}, {'height': 216, 'url': 'https://preview.redd.it/vdg2i4pojo391.png?width=216&amp;crop=smart&amp;auto=webp&amp;s=0bdcb1a68db3ed013f9ee5554d5114fe5f83a17b', 'width': 216}, {'height': 320, 'url': 'https://preview.redd.it/vdg2i4pojo391.png?width=320&amp;crop=smart&amp;auto=webp&amp;s=f36c7d054c84bbff5bc5f3308af2954197994f73', 'width': 320}, {'height': 640, 'url': 'https://preview.redd.it/vdg2i4pojo391.png?width=640&amp;crop=smart&amp;auto=webp&amp;s=6cd29948282df34603cdba88de9e310cc7d94307', 'width': 640}, {'height': 960, 'url': 'https://preview.redd.it/vdg2i4pojo391.png?width=960&amp;crop=smart&amp;auto=webp&amp;s=4ff1aec8def3c087d6028129f1c40f1f69e0ce79', 'width': 960}], 'source': {'height': 1024, 'url': 'https://preview.redd.it/vdg2i4pojo391.png?auto=webp&amp;s=720d7bb863d72c0cede47e50c311f3507c1bd653', 'width': 1024}, 'variants': {}}]}",,,,2022-06-04 22:22:54
