archived,author,author_flair_background_color,author_flair_css_class,author_flair_text,author_flair_text_color,brand_safe,can_gild,contest_mode,created_utc,distinguished,domain,edited,gilded,hidden,hide_score,id,is_crosspostable,is_reddit_media_domain,is_self,is_video,link_flair_css_class,link_flair_richtext,link_flair_text,link_flair_text_color,link_flair_type,locked,media,media_embed,no_follow,num_comments,num_crossposts,over_18,parent_whitelist_status,permalink,retrieved_on,rte_mode,score,secure_media,secure_media_embed,selftext,send_replies,spoiler,stickied,subreddit,subreddit_id,subreddit_name_prefixed,subreddit_type,suggested_sort,thumbnail,thumbnail_height,thumbnail_width,title,url,whitelist_status,author_flair_richtext,author_flair_type,created_dt
True,[deleted],,,,dark,False,False,False,1247774154,,theatlantic.com,False,0,False,False,91vh1,False,False,False,False,,[],,dark,text,False,,{},False,11,0,False,promo_specified,/r/TwoXChromosomes/comments/91vh1/this_article_has_always_stirred_a_deep_revulsion/,1522807990,markdown,11,,{},[deleted],True,False,False,TwoXChromosomes,t5_2r2jt,r/TwoXChromosomes,public,,default,,,This article has always stirred a deep revulsion in my feminist stomach... yet it has a point.,http://www.theatlantic.com/doc/200803/single-marry,promo_specified,,,2009-07-16 19:55:54
True,HiFructoseCornFeces,,user-purple,Basically Maz Kanata,,False,True,False,1247774319,,warner.blogs.nytimes.com,False,0,False,False,91vi3,True,False,False,False,,[],,dark,text,False,,{},False,0,0,False,promo_specified,/r/TwoXChromosomes/comments/91vi3/like_a_fish_needs_a_donutclassic_judith_warner/,1522807992,markdown,4,,{},,True,False,False,TwoXChromosomes,t5_2r2jt,r/TwoXChromosomes,public,,,,,Like A Fish Needs A Donut--Classic Judith Warner,http://warner.blogs.nytimes.com/2008/02/07/like-a-fish-needs-a-donut/,promo_specified,"[{'e': 'text', 't': 'Basically Maz Kanata'}]",richtext,2009-07-16 19:58:39
True,HiFructoseCornFeces,,user-purple,Basically Maz Kanata,,False,True,False,1247774929,,washingtonpost.com,False,0,False,False,91vln,True,False,False,False,,[],,dark,text,False,,{},False,2,0,False,promo_specified,/r/TwoXChromosomes/comments/91vln/sixword_love_stories/,1522807993,markdown,5,,{},,True,False,False,TwoXChromosomes,t5_2r2jt,r/TwoXChromosomes,public,,,,,Six-Word Love Stories,http://www.washingtonpost.com/wp-dyn/content/article/2009/02/10/AR2009021002187.html,promo_specified,"[{'e': 'text', 't': 'Basically Maz Kanata'}]",richtext,2009-07-16 20:08:49
True,HiFructoseCornFeces,,user-purple,Basically Maz Kanata,,False,True,False,1247775426,moderator,self.TwoXChromosomes,1247779026.0,0,False,False,91vor,True,False,True,False,,[],,dark,text,False,,{},False,18,0,False,promo_specified,/r/TwoXChromosomes/comments/91vor/the_girly_subreddit_introduction_and_orientation/,1522807995,markdown,16,,{},"This subreddit is for the sexiness that is the female redditor.

I've submitted some classic ""female"" internet articles that have stuck with me over time, but don't feel constrained by their precedent.  We definitely need links to pretty and good-smelling things--candles, lotions, purses, shoes, perfume, summer dresses, etc.  Please submit more content so this subreddit can flourish!   

If you know of a good place to make a new subreddit announcement for our target audience, do put it out there.",True,False,False,TwoXChromosomes,t5_2r2jt,r/TwoXChromosomes,public,,self,,,The Girly Subreddit Introduction and Orientation,https://www.reddit.com/r/TwoXChromosomes/comments/91vor/the_girly_subreddit_introduction_and_orientation/,promo_specified,"[{'e': 'text', 't': 'Basically Maz Kanata'}]",richtext,2009-07-16 20:17:06
True,[deleted],,,,dark,False,False,False,1247776750,,cdc.gov,False,0,False,False,91vw2,False,False,False,False,,[],,dark,text,False,,{},False,16,0,False,promo_specified,/r/TwoXChromosomes/comments/91vw2/hpv_the_most_common_std_currently_infects_20/,1522808000,markdown,12,,{},[deleted],True,False,False,TwoXChromosomes,t5_2r2jt,r/TwoXChromosomes,public,,default,,,"HPV, the most common STD, currently infects 20 million Americans.  Girls, please get your pap smears!",http://www.cdc.gov/std/HPV/STDFact-HPV.htm#common,promo_specified,,,2009-07-16 20:39:10
True,[deleted],,,,dark,False,False,False,1247777467,,doublex.com,False,0,False,False,91vz5,False,False,False,False,,[],,dark,text,False,,{},False,5,0,False,promo_specified,/r/TwoXChromosomes/comments/91vz5/the_romper_craze_why_grown_women_dress_like/,1522808001,markdown,5,,{},[deleted],True,False,False,TwoXChromosomes,t5_2r2jt,r/TwoXChromosomes,public,,default,,,The romper craze: Why grown women dress like toddlers.,http://www.doublex.com/section/life/romper-craze-why-grown-women-dress-toddlers,promo_specified,,,2009-07-16 20:51:07
True,[deleted],,,,dark,False,False,False,1247781020,,self.TwoXChromosomes,False,0,False,False,91wf1,True,False,True,False,,[],,dark,text,False,,{},False,25,0,False,promo_specified,/r/TwoXChromosomes/comments/91wf1/whats_your_favorite_soap/,1522808010,markdown,12,,{},"I'm looking for super-moisturizing soaps, and have been cruising [Etsy](http://www.etsy.com) for homemade scents.  I am hesitant to buy anything right now though, because while there are tons of reviews about how good the soaps smell, there aren't many reviews that say how well the soaps worked out in terms of cleanliness/moisturizing-ness/etc.

What's your favorite soap, and where can I get some?",True,False,False,TwoXChromosomes,t5_2r2jt,r/TwoXChromosomes,public,,self,,,What's your favorite soap?,https://www.reddit.com/r/TwoXChromosomes/comments/91wf1/whats_your_favorite_soap/,promo_specified,,,2009-07-16 21:50:20
True,[deleted],,,,dark,False,False,False,1247781532,,self.TwoXChromosomes,False,0,False,False,91wgv,False,False,True,False,,[],,dark,text,False,,{},True,0,0,False,promo_specified,/r/TwoXChromosomes/comments/91wgv/forgive_me_but_i_love_this_site/,1522808010,markdown,1,,{},[deleted],True,False,False,TwoXChromosomes,t5_2r2jt,r/TwoXChromosomes,public,,default,,,"Forgive me, but I love this site.",https://www.reddit.com/r/TwoXChromosomes/comments/91wgv/forgive_me_but_i_love_this_site/,promo_specified,,,2009-07-16 21:58:52
True,HiFructoseCornFeces,,user-purple,Basically Maz Kanata,,False,True,False,1247781822,,daisyrock.com,False,0,False,False,91wib,True,False,False,False,,[],,dark,text,False,,{},False,3,0,False,promo_specified,/r/TwoXChromosomes/comments/91wib/girly_guitars_i_could_salivate_over_all_day/,1522808012,markdown,7,,{},,True,False,False,TwoXChromosomes,t5_2r2jt,r/TwoXChromosomes,public,,,,,Girly guitars I could salivate over all day.,http://www.daisyrock.com/products/index.htm,promo_specified,"[{'e': 'text', 't': 'Basically Maz Kanata'}]",richtext,2009-07-16 22:03:42
True,sundogdayze,,,,,False,True,False,1247782785,,en.wikipedia.org,False,0,False,False,91wmw,True,False,False,False,,[],,dark,text,False,,{},False,2,0,False,promo_specified,/r/TwoXChromosomes/comments/91wmw/what_does_wikipedia_say_about_women_lots_of/,1522808013,markdown,7,,{},,True,False,False,TwoXChromosomes,t5_2r2jt,r/TwoXChromosomes,public,,,,,What does Wikipedia say about women? Lots of interesting stuff.,http://en.wikipedia.org/wiki/Woman,promo_specified,[],text,2009-07-16 22:19:45
