subreddit,bias_type,cnt
ArtistHate,gender,465
ArtistHate,occupation,456
ArtistHate,age,239
ArtistHate,disability,135
ArtistHate,study,125
ArtistHate,income,114
ArtistHate,race,88
ArtistHate,religion,76
ArtistHate,facial_features,50
ArtistHate,body_type,45
ArtistHate,general_bias,44
ArtistHate,body_modification,27
ArtistHate,lgbtq,27
ArtistHate,location,27
ArtistHate,naming,24
ArtistHate,hair,3
DefendingAIArt,gender,391
DefendingAIArt,occupation,380
DefendingAIArt,age,164
DefendingAIArt,study,105
DefendingAIArt,disability,101
DefendingAIArt,income,78
DefendingAIArt,race,76
DefendingAIArt,religion,58
DefendingAIArt,body_type,41
DefendingAIArt,general_bias,41
DefendingAIArt,facial_features,38
DefendingAIArt,lgbtq,24
DefendingAIArt,location,16
DefendingAIArt,body_modification,15
DefendingAIArt,naming,13
DefendingAIArt,hair,6
MachineLearning,occupation,5999
MachineLearning,gender,5517
MachineLearning,study,1531
MachineLearning,age,607
MachineLearning,disability,330
MachineLearning,race,316
MachineLearning,general_bias,305
MachineLearning,body_type,245
MachineLearning,religion,231
MachineLearning,income,230
MachineLearning,lgbtq,174
MachineLearning,location,138
MachineLearning,naming,66
MachineLearning,body_modification,47
MachineLearning,facial_features,23
MachineLearning,hair,6
MediaSynthesis,gender,134
MediaSynthesis,occupation,124
MediaSynthesis,race,33
MediaSynthesis,age,31
MediaSynthesis,disability,16
MediaSynthesis,study,16
MediaSynthesis,religion,13
MediaSynthesis,location,9
MediaSynthesis,general_bias,8
MediaSynthesis,naming,7
MediaSynthesis,body_modification,4
MediaSynthesis,body_type,4
MediaSynthesis,hair,3
MediaSynthesis,income,3
MediaSynthesis,lgbtq,3
MediaSynthesis,facial_features,1
TwoXChromosomes,gender,676
TwoXChromosomes,age,531
TwoXChromosomes,occupation,384
TwoXChromosomes,study,236
TwoXChromosomes,disability,229
TwoXChromosomes,facial_features,136
TwoXChromosomes,body_type,129
TwoXChromosomes,religion,123
TwoXChromosomes,lgbtq,115
TwoXChromosomes,race,112
TwoXChromosomes,income,99
TwoXChromosomes,location,67
TwoXChromosomes,general_bias,44
TwoXChromosomes,body_modification,23
TwoXChromosomes,hair,16
TwoXChromosomes,naming,14
aiwars,occupation,1177
aiwars,gender,1155
aiwars,age,491
aiwars,income,290
aiwars,study,277
aiwars,disability,255
aiwars,race,208
aiwars,religion,178
aiwars,general_bias,163
aiwars,body_type,136
aiwars,lgbtq,97
aiwars,facial_features,79
aiwars,location,58
aiwars,body_modification,40
aiwars,naming,34
aiwars,hair,11
deeplearning,occupation,1581
deeplearning,gender,1477
deeplearning,study,479
deeplearning,age,178
deeplearning,disability,113
deeplearning,body_type,95
deeplearning,race,87
deeplearning,general_bias,80
deeplearning,income,50
deeplearning,religion,50
deeplearning,location,38
deeplearning,naming,29
deeplearning,lgbtq,24
deeplearning,body_modification,9
deeplearning,facial_features,5
deeplearning,hair,3
